employee_id,full_name,department,position,salary,experience_years,hire_date,city,performance_rating,bonus
EMP-001,kevin legrand,SALES,Sales Manager,79612€,10,2010-02-18,BORDEAUX,C,3%
EMP-002,OLIVER LEROY,R&D,Research Scientist,86576€,21,2015-06-29,BESANCON,A,15%
EMP-003,Charlie Roy,IT,DevOps Engineer,61281€,9,2014-08-03,LYON,B,7%
EMP-004,rachel dupont,SALES,Sales Manager,47333€,4,2019-02-13,STRASBOURG,B,8%
EMP-005,alice leroy,SALES,Sales Rep,90757€,21,2012-06-13,GRENOBLE,A,13%
EMP-006,Natalie Klein,IT,Data Analyst,91234,19,2016-06-03,LYON,C,4%
EMP-007,charlie rousseau,IT,IT Manager,53277,2,2015-02-05,ANGERS,B,10%
EMP-008,jack leroy,FINANCE,Financial Analyst,77208,13,2011-09-04,NANTES,B,9%
EMP-009,kevin dupont,MARKETING,Marketing Manager,89773€,15,2019-06-05,NANTES,A,18%
EMP-010,Evelyn Rousseau,SALES,Sales Manager,47260€,4,2015-12-02,STRASBOURG,C,5%
EMP-011,ivana perrin,SALES,Sales Rep,68267,8,2013-05-19,STRASBOURG,B,10%
EMP-012,JACK PERRIN,IT,Data Scientist,43020€,0,2015-03-21,LILLE,B,5%
EMP-013,OLIVER ROY,ADMIN,Executive Assistant,85377,17,2022-12-27,RENNES,C,5%
EMP-014,frank rousseau,ADMIN,Executive Assistant,57148€,8,2019-10-30,GRENOBLE,B,7%
EMP-015,alice smith,SALES,Sales Director,73501€,22,2024-01-10,DIJON,B,8%
EMP-016,Thomas Klein,IT,Software Engineer,94504,13,2018-09-23,LE MANS,C,4%
EMP-017,alice wilson,SALES,Sales Director,81028€,10,2012-11-26,BORDEAUX,B,7%
EMP-018,IVANA DUPONT,HR,HR Assistant,92743,16,2021-01-23,TOULOUSE,B,7%
EMP-019,NATALIE BENNETT,SALES,Sales Rep,76386€,21,2010-03-27,MARSEILLE,B,6%
EMP-020,CHARLIE DUBOIS,HR,HR Assistant,73622€,19,2019-02-28,CAEN,B,7%
EMP-021,NATALIE SMITH,SALES,Sales Manager,45601€,3,2017-01-31,LYON,A,19%
EMP-022,bob perrin,FINANCE,Financial Controller,72174,21,2022-05-09,TOULOUSE,C,5%
EMP-023,FRANK LEGRAND,ADMIN,Executive Assistant,74171,18,2021-03-03,AMIENS,B,9%
EMP-024,GRACE WILSON,IT,DevOps Engineer,75064€,10,2012-10-16,TOULOUSE,B,8%
EMP-025,EVELYN RODRIGUEZ,MARKETING,Content Manager,54190€,3,2011-01-19,BESANCON,A,15%
EMP-026,Quentin Petrov,MARKETING,Marketing Manager,85703€,11,2022-07-22,LE MANS,A,18%
EMP-027,grace tremblay,SALES,Sales Manager,89433,20,2013-10-24,ORLEANS,B,9%
EMP-028,Kevin Faure,ADMIN,Executive Assistant,85568€,18,2022-11-30,LIMOGES,B,7%
EMP-029,IVANA ROY,ADMIN,Executive Assistant,78155€,19,2024-05-26,ORLEANS,B,7%
EMP-030,martin klein,SALES,Sales Manager,83367,22,2011-06-03,BORDEAUX,B,5%
EMP-031,Rachel Bennett,FINANCE,Financial Controller,75332,23,2014-11-18,STRASBOURG,B,7%
EMP-032,CHARLIE RODRIGUEZ,IT,Data Analyst,36006€,0,2016-11-05,TOULOUSE,B,7%
EMP-033,JACK GAUTHIER,ADMIN,Executive Assistant,69513,5,2020-11-12,paris,B,9%
EMP-034,ivana tremblay,R&D,Research Scientist,78660€,20,2014-12-18,CAEN,C,5%
EMP-035,frank wilson,IT,IT Manager,54639€,4,2022-05-08,CLERMONT-FERRAND,B,7%
EMP-036,laura roy,FINANCE,Financial Controller,59585,6,2013-10-02,METZ,B,6%
EMP-037,NATALIE BENNETT,IT,DevOps Engineer,87915€,21,2021-01-02,CLERMONT-FERRAND,C,5%
EMP-038,Frank Dupont,R&D,Research Scientist,86556,24,2023-08-22,TOULON,A,15%
EMP-039,thomas petrov,SALES,Sales Rep,78121€,21,2020-06-10,LILLE,A,12%
EMP-040,STEVEN FAURE,ADMIN,Executive Assistant,79323€,16,2023-11-24,GRENOBLE,B,9%
EMP-041,Evelyn Smith,ADMIN,Executive Assistant,61319€,9,2017-08-21,STRASBOURG,B,5%
EMP-042,GRACE FAURE,FINANCE,Financial Analyst,76973,12,2014-12-09,BORDEAUX,B,10%
EMP-043,Rachel Rodriguez,SALES,Sales Rep,64815€,9,2015-08-08,AMIENS,B,5%
EMP-044,JACK RODRIGUEZ,IT,DevOps Engineer,75145€,13,2019-10-01,ORLEANS,C,4%
EMP-045,Kevin Martin,MARKETING,SEO Specialist,36137,1,2024-09-12,STRASBOURG,C,5%
EMP-046,frank klein,R&D,ML Engineer,91054,14,2010-10-03,METZ,B,7%
EMP-047,MARTIN SMITH,IT,IT Manager,59820,8,2014-07-07,TOULOUSE,B,8%
EMP-048,NATALIE TREMBLAY,IT,Data Analyst,53595€,3,2017-11-11,MARSEILLE,B,7%
EMP-049,GRACE MOREAU,ADMIN,Executive Assistant,82463,11,2018-03-22,LILLE,B,8%
EMP-050,rachel petrov,IT,Data Scientist,80167,20,2021-04-06,BORDEAUX,C,4%
EMP-051,Frank Dubois,MARKETING,SEO Specialist,57619,7,2018-03-26,AMIENS,B,7%
EMP-052,jack dupont,R&D,Research Scientist,66538,7,2019-01-27,TOURS,C,3%
EMP-053,rachel rousseau,SALES,Sales Manager,78767,12,2017-08-05,STRASBOURG,A,20%
EMP-054,charlie adams,HR,HR Specialist,86793€,12,2017-01-20,LILLE,A,15%
EMP-055,ivana klein,ADMIN,Executive Assistant,67832,9,2021-06-25,MONTPELLIER,A,20%
EMP-056,HENRY DUBOIS,HR,HR Assistant,80438,21,2012-06-07,LYON,B,5%
EMP-057,QUENTIN LEGRAND,HR,HR Manager,54848,3,2022-11-10,TOULON,B,8%
EMP-058,KEVIN BENNETT,R&D,Research Scientist,50396,3,2023-03-18,LIMOGES,A,19%
EMP-059,martin smith,HR,HR Specialist,88271,22,2019-03-18,MONTPELLIER,B,9%
EMP-060,Natalie Tremblay,R&D,Research Scientist,93336,18,2010-05-22,BORDEAUX,B,8%
EMP-061,Alice Moreau,FINANCE,Financial Analyst,85578,13,2010-02-07,NANTES,B,9%
EMP-062,evelyn rodriguez,IT,Data Scientist,89553€,14,2021-04-25,DIJON,B,9%
EMP-063,Evelyn Perrin,HR,HR Specialist,87036,24,2013-09-28,ORLEANS,B,8%
EMP-064,martin petrov,MARKETING,Marketing Manager,65225€,8,2021-04-13,LIMOGES,B,9%
EMP-065,Quentin Faure,R&D,ML Engineer,91855,21,2013-02-03,LE MANS,C,4%
EMP-066,Quentin Adams,HR,HR Manager,73418,15,2020-04-08,NANTES,A,19%
EMP-067,LAURA FAURE,SALES,Sales Rep,70329€,13,2024-02-10,MARSEILLE,B,10%
EMP-068,grace wilson,HR,HR Specialist,56951,8,2013-01-12,ORLEANS,C,5%
EMP-069,frank rodriguez,ADMIN,Executive Assistant,60210€,9,2011-10-07,NICE,A,14%
EMP-070,Thomas Gauthier,MARKETING,Marketing Manager,52043€,4,2020-12-21,GRENOBLE,B,10%
EMP-071,natalie white,SALES,Sales Rep,90315€,18,2018-09-25,BORDEAUX,C,5%
EMP-072,natalie roy,R&D,ML Engineer,35492€,1,2013-06-21,BORDEAUX,B,5%
EMP-073,Henry Smith,ADMIN,Executive Assistant,74785€,13,2024-02-08,ANGERS,C,4%
EMP-074,steven faure,HR,HR Specialist,81899,10,2021-07-11,AMIENS,A,14%
EMP-075,jack martin,FINANCE,Financial Controller,71340€,10,2011-08-30,MONTPELLIER,B,7%
EMP-076,Laura Rousseau,IT,DevOps Engineer,87884€,22,2021-06-04,DIJON,B,9%
EMP-077,Patricia Martin,R&D,ML Engineer,92085€,20,2019-02-23,GRENOBLE,A,11%
EMP-078,Quentin Rousseau,FINANCE,Financial Analyst,57355,6,2012-04-12,STRASBOURG,B,7%
EMP-079,BOB FAURE,HR,HR Assistant,60327€,7,2013-08-17,CAEN,B,8%
EMP-080,Frank Legrand,R&D,Research Scientist,59114,7,2023-01-09,CAEN,B,6%
EMP-081,Quentin Faure,R&D,ML Engineer,79869€,13,2012-04-01,STRASBOURG,B,6%
EMP-082,ALICE ADAMS,SALES,Sales Rep,48719,4,2019-02-15,DIJON,B,10%
EMP-083,Evelyn Petrov,MARKETING,SEO Specialist,65753,8,2016-05-21,CAEN,B,7%
EMP-084,ivana leroy,ADMIN,Executive Assistant,86585,11,2021-01-07,MARSEILLE,B,10%
EMP-085,natalie wilson,MARKETING,SEO Specialist,45821,2,2023-04-11,NICE,B,10%
EMP-086,oliver klein,FINANCE,Financial Analyst,91806€,11,2010-11-25,LIMOGES,A,17%
EMP-087,Grace White,SALES,Sales Rep,35579,0,2016-01-06,ORLEANS,C,5%
EMP-088,jack dupont,SALES,Sales Manager,50919,4,2022-01-08,ANGERS,B,9%
EMP-089,Evelyn Roy,IT,Software Engineer,51789,4,2022-02-26,GRENOBLE,B,7%
EMP-090,Kevin Petrov,SALES,Sales Director,78134,25,2011-04-28,LYON,C,4%
EMP-091,steven moreau,ADMIN,Executive Assistant,67948€,9,2010-05-24,TOURS,B,6%
EMP-092,ivana martin,SALES,Sales Manager,80427€,14,2010-05-31,TOULON,B,6%
EMP-093,JACK LEGRAND,IT,Data Scientist,92719€,11,2024-05-14,TOURS,A,17%
EMP-094,jack moreau,FINANCE,Financial Analyst,87963€,21,2012-08-22,AMIENS,A,20%
EMP-095,thomas leroy,MARKETING,Content Manager,75447,18,2024-06-24,MONTPELLIER,A,12%
EMP-096,Rachel Martin,HR,HR Assistant,87778,24,2016-01-08,CAEN,B,5%
EMP-097,Natalie Smith,HR,HR Manager,56586,9,2024-02-09,BESANCON,B,9%
EMP-098,natalie perrin,MARKETING,Content Manager,90355,15,2012-09-12,RENNES,A,20%
EMP-099,jack leroy,ADMIN,Executive Assistant,72613,10,2013-08-17,ANGERS,C,3%
EMP-100,DIANA ROUSSEAU,ADMIN,Executive Assistant,88952,22,2018-04-28,paris,B,6%
EMP-101,laura white,R&D,ML Engineer,88616,14,2017-04-16,BORDEAUX,B,6%
EMP-102,Quentin Martin,MARKETING,Content Manager,78162€,25,2011-09-08,AMIENS,B,5%
EMP-103,Natalie Moreau,HR,HR Assistant,84348,15,2019-04-02,BORDEAUX,B,9%
EMP-104,Laura Martin,MARKETING,Content Manager,78315€,18,2014-11-27,paris,B,6%
EMP-105,alice gauthier,IT,Software Engineer,75498€,18,2015-06-01,NICE,B,7%
EMP-106,jack rodriguez,ADMIN,Executive Assistant,86373,14,2020-09-21,GRENOBLE,A,18%
EMP-107,LAURA LEGRAND,R&D,ML Engineer,59407€,7,2024-07-06,BORDEAUX,B,8%
EMP-108,steven dubois,ADMIN,Executive Assistant,40764,0,2019-09-27,TOURS,C,4%
EMP-109,PATRICIA PERRIN,FINANCE,Financial Analyst,88889,19,2024-03-01,BORDEAUX,B,7%
EMP-110,natalie klein,MARKETING,Content Manager,86453,25,2011-12-18,NANTES,A,11%
EMP-111,KEVIN WILSON,MARKETING,Marketing Manager,36368,1,2012-12-23,LYON,B,7%
EMP-112,NATALIE ROY,R&D,ML Engineer,86355,15,2020-01-31,ORLEANS,B,6%
EMP-113,Charlie Faure,HR,HR Specialist,72097,20,2021-04-07,RENNES,A,18%
EMP-114,quentin gauthier,R&D,Research Scientist,52930€,4,2015-11-17,CLERMONT-FERRAND,A,14%
EMP-115,ALICE MOREAU,HR,HR Assistant,48535,3,2022-06-24,LIMOGES,B,5%
EMP-116,Diana Wilson,IT,IT Manager,93859€,13,2023-07-09,NICE,B,6%
EMP-117,CHARLIE DUBOIS,R&D,ML Engineer,65861€,5,2015-03-01,LILLE,C,4%
EMP-118,frank faure,ADMIN,Executive Assistant,76758,18,2013-01-15,TOURS,B,8%
EMP-119,Steven Rousseau,HR,HR Specialist,48284,2,2015-10-27,paris,A,12%
EMP-120,grace moreau,SALES,Sales Director,84889,19,2010-01-03,RENNES,A,19%
EMP-121,thomas dupont,IT,Software Engineer,45964,3,2013-08-26,ANGERS,B,9%
EMP-122,Henry Martin,HR,HR Specialist,85353€,11,2010-06-16,MONTPELLIER,C,3%
EMP-123,Ivana Moreau,MARKETING,Marketing Manager,61605€,6,2013-05-21,BORDEAUX,B,9%
EMP-124,Patricia Martin,ADMIN,Executive Assistant,84751€,19,2021-08-21,LILLE,C,5%
EMP-125,Natalie Dubois,SALES,Sales Rep,50690€,4,2016-09-10,LYON,B,5%
EMP-126,henry tremblay,FINANCE,Financial Controller,65834,8,2016-02-26,ANGERS,B,10%
EMP-127,PATRICIA KLEIN,ADMIN,Executive Assistant,75901€,21,2013-06-28,TOULON,C,4%
EMP-128,Laura Rousseau,ADMIN,Executive Assistant,76298€,24,2011-05-02,METZ,C,5%
EMP-129,GRACE PERRIN,SALES,Sales Rep,76239€,24,2017-09-17,LE MANS,C,3%
EMP-130,EVELYN LEROY,IT,Software Engineer,88408,23,2021-12-22,BESANCON,B,9%
EMP-131,Rachel Rousseau,IT,Software Engineer,45410€,3,2024-12-13,TOURS,B,5%
EMP-132,Oliver Adams,R&D,ML Engineer,84690€,11,2015-02-20,AMIENS,B,6%
EMP-133,EVELYN WILSON,ADMIN,Executive Assistant,91708€,11,2021-07-12,LILLE,C,5%
EMP-134,Charlie Tremblay,HR,HR Manager,66582€,9,2022-09-25,paris,B,10%
EMP-135,jack gauthier,ADMIN,Executive Assistant,73055€,16,2016-05-18,STRASBOURG,B,6%
EMP-136,Rachel Dubois,ADMIN,Executive Assistant,85976€,19,2020-05-25,NICE,C,5%
EMP-137,OLIVER ROY,HR,HR Manager,75900,17,2021-03-27,NICE,B,7%
EMP-138,thomas klein,FINANCE,Financial Controller,71619€,11,2017-05-06,RENNES,A,20%
EMP-139,OLIVER PERRIN,FINANCE,Financial Controller,81653€,18,2015-10-03,paris,B,5%
EMP-140,THOMAS LEGRAND,SALES,Sales Manager,72211,13,2011-01-03,LE MANS,B,5%
EMP-141,rachel klein,ADMIN,Executive Assistant,61247,7,2016-01-27,CAEN,B,9%
EMP-142,henry smith,MARKETING,SEO Specialist,81959,23,2012-05-15,NANTES,A,12%
EMP-143,IVANA PERRIN,SALES,Sales Manager,71016€,18,2016-05-15,DIJON,B,5%
EMP-144,Bob Leroy,MARKETING,Content Manager,40706€,0,2018-03-11,LYON,B,5%
EMP-145,BOB ADAMS,IT,Data Scientist,63944€,5,2024-01-08,TOURS,C,4%
EMP-146,Patricia Gauthier,SALES,Sales Director,72941€,21,2014-08-11,TOULOUSE,B,6%
EMP-147,Henry Gauthier,IT,DevOps Engineer,85389,19,2019-02-09,AMIENS,B,10%
EMP-148,martin gauthier,R&D,ML Engineer,89103,20,2010-08-03,NANTES,C,3%
EMP-149,Bob Dupont,ADMIN,Executive Assistant,71063€,24,2019-01-26,MARSEILLE,A,18%
EMP-150,HENRY ADAMS,MARKETING,Content Manager,74791,25,2019-11-23,BORDEAUX,B,7%
EMP-151,oliver gauthier,R&D,ML Engineer,76722,22,2023-12-07,TOURS,A,15%
EMP-152,GRACE ROUSSEAU,SALES,Sales Manager,57113€,9,2014-01-30,CLERMONT-FERRAND,B,6%
EMP-153,MARTIN LEROY,R&D,ML Engineer,47422€,4,2012-11-26,AMIENS,B,5%
EMP-154,HENRY ROUSSEAU,HR,HR Specialist,75728,21,2021-04-01,LYON,B,9%
EMP-155,henry rodriguez,SALES,Sales Director,85742€,25,2013-06-16,TOULON,C,5%
EMP-156,patricia wilson,SALES,Sales Director,78157,15,2015-09-19,ORLEANS,A,12%
EMP-157,natalie bennett,IT,Data Scientist,55445,5,2018-12-06,LIMOGES,B,7%
EMP-158,oliver rodriguez,HR,HR Assistant,90663,24,2024-01-20,MONTPELLIER,B,8%
EMP-159,quentin adams,SALES,Sales Director,53457,2,2017-01-29,LILLE,B,8%
EMP-160,IVANA LEGRAND,R&D,Research Scientist,61287,9,2022-06-10,CLERMONT-FERRAND,A,13%
EMP-161,Alice Adams,R&D,ML Engineer,70914€,24,2020-06-19,TOULOUSE,B,9%
EMP-162,CHARLIE WHITE,MARKETING,Content Manager,84371,24,2023-04-22,METZ,B,9%
EMP-163,Ivana White,MARKETING,Marketing Manager,79120,15,2016-10-29,ANGERS,B,6%
EMP-164,HENRY KLEIN,ADMIN,Executive Assistant,87288,18,2012-09-24,NANTES,A,17%
EMP-165,charlie wilson,MARKETING,Marketing Manager,50278€,4,2018-04-25,LILLE,C,3%
EMP-166,Patricia Adams,FINANCE,Financial Controller,80165€,19,2022-01-23,TOURS,A,10%
EMP-167,kevin klein,IT,Data Scientist,57991,7,2010-05-26,LYON,C,4%
EMP-168,grace klein,R&D,ML Engineer,78407€,14,2022-04-29,ORLEANS,A,19%
EMP-169,Grace Adams,MARKETING,Marketing Manager,84546,14,2020-06-04,LYON,B,6%
EMP-170,GRACE RODRIGUEZ,FINANCE,Financial Controller,51674€,2,2011-12-20,CLERMONT-FERRAND,A,17%
EMP-171,KEVIN LEROY,FINANCE,Financial Analyst,76861,16,2014-11-04,TOULON,B,6%
EMP-172,PATRICIA ROY,ADMIN,Executive Assistant,94513,24,2012-02-03,CAEN,B,9%
EMP-173,STEVEN FAURE,SALES,Sales Director,52565€,3,2019-07-31,paris,B,6%
EMP-174,Rachel Perrin,FINANCE,Financial Analyst,70361€,16,2024-07-22,LIMOGES,A,14%
EMP-175,PATRICIA PERRIN,SALES,Sales Director,58412,6,2012-04-26,MARSEILLE,C,4%
EMP-176,PATRICIA LEROY,MARKETING,Marketing Manager,85964,13,2019-01-26,TOULOUSE,B,5%
EMP-177,oliver smith,IT,DevOps Engineer,90936,17,2018-12-13,RENNES,B,8%
EMP-178,Evelyn Klein,IT,Software Engineer,47254€,3,2023-01-24,TOURS,B,6%
EMP-179,steven gauthier,ADMIN,Executive Assistant,94714,10,2013-08-17,CAEN,A,13%
EMP-180,CHARLIE DUPONT,ADMIN,Executive Assistant,90493,19,2011-05-15,NANTES,C,5%
EMP-181,alice roy,FINANCE,Financial Analyst,81107€,17,2021-11-23,ORLEANS,B,5%
EMP-182,Ivana Bennett,IT,DevOps Engineer,73277€,12,2022-01-12,METZ,B,10%
EMP-183,Steven Moreau,SALES,Sales Manager,49743€,3,2019-02-26,BORDEAUX,C,4%
EMP-184,JACK LEGRAND,ADMIN,Executive Assistant,72614,21,2022-02-04,LYON,C,5%
EMP-185,PATRICIA GAUTHIER,IT,IT Manager,93970€,21,2012-09-07,AMIENS,B,9%
EMP-186,laura dupont,HR,HR Assistant,91000€,23,2014-10-07,CAEN,A,12%
EMP-187,JACK PETROV,IT,Software Engineer,77776€,13,2017-01-06,DIJON,B,6%
EMP-188,jack tremblay,HR,HR Manager,71001€,11,2011-06-07,BORDEAUX,B,5%
EMP-189,frank martin,R&D,ML Engineer,91723€,22,2024-12-09,MARSEILLE,C,5%
EMP-190,Martin White,SALES,Sales Rep,85484€,24,2011-03-19,LIMOGES,B,9%
EMP-191,thomas moreau,ADMIN,Executive Assistant,64029€,8,2021-11-15,DIJON,B,5%
EMP-192,OLIVER BENNETT,IT,Software Engineer,65833,7,2018-12-08,NANTES,A,16%
EMP-193,Oliver Leroy,ADMIN,Executive Assistant,72006€,17,2022-03-23,MONTPELLIER,B,5%
EMP-194,laura dupont,IT,IT Manager,63261,6,2010-09-07,LE MANS,C,4%
EMP-195,OLIVER PERRIN,ADMIN,Executive Assistant,92886€,25,2020-08-23,CLERMONT-FERRAND,A,18%
EMP-196,rachel gauthier,HR,HR Manager,77173€,24,2024-01-05,paris,B,10%
EMP-197,DIANA SMITH,MARKETING,Marketing Manager,87311,12,2022-04-24,BORDEAUX,B,7%
EMP-198,natalie white,R&D,Research Scientist,81596,11,2011-01-06,TOULON,C,5%
EMP-199,GRACE ROY,SALES,Sales Manager,65885,5,2012-12-03,ORLEANS,B,7%
EMP-200,henry rousseau,R&D,Research Scientist,59694,7,2011-10-18,NANTES,A,11%
EMP-201,THOMAS DUBOIS,IT,Data Scientist,71791,19,2019-03-13,TOULOUSE,A,11%
EMP-202,henry klein,ADMIN,Executive Assistant,80035,15,2011-06-29,LIMOGES,C,4%
EMP-203,jack dupont,ADMIN,Executive Assistant,94019,10,2015-10-05,GRENOBLE,A,15%
EMP-204,THOMAS KLEIN,SALES,Sales Rep,79028,11,2019-11-01,DIJON,B,7%
EMP-205,NATALIE BENNETT,IT,DevOps Engineer,80726,21,2018-11-04,paris,C,3%
EMP-206,Martin Gauthier,FINANCE,Financial Controller,71881€,19,2020-09-13,TOULON,B,10%
EMP-207,Steven Bennett,SALES,Sales Manager,54021€,2,2021-08-24,CLERMONT-FERRAND,B,8%
EMP-208,THOMAS RODRIGUEZ,R&D,Research Scientist,76977€,13,2016-01-01,paris,B,5%
EMP-209,Jack Wilson,FINANCE,Financial Controller,90597€,13,2014-01-10,BORDEAUX,B,8%
EMP-210,Rachel White,SALES,Sales Manager,79606,17,2017-07-14,TOULON,B,9%
EMP-211,bob perrin,ADMIN,Executive Assistant,44311,1,2021-06-07,BESANCON,A,14%
EMP-212,Martin Legrand,R&D,Research Scientist,91811€,17,2016-03-29,LYON,B,5%
EMP-213,Patricia Leroy,IT,Data Analyst,87527,10,2018-08-17,LYON,C,5%
EMP-214,jack rousseau,R&D,Research Scientist,83940,16,2010-03-21,NANTES,B,5%
EMP-215,ALICE FAURE,FINANCE,Financial Analyst,54378€,3,2013-11-04,CAEN,B,5%
EMP-216,Patricia Dupont,HR,HR Assistant,73198,21,2010-04-17,paris,B,10%
EMP-217,diana faure,ADMIN,Executive Assistant,64827€,8,2019-06-25,TOULON,B,8%
EMP-218,STEVEN TREMBLAY,FINANCE,Financial Analyst,80682€,16,2022-05-24,NANTES,B,10%
EMP-219,STEVEN WILSON,MARKETING,Content Manager,72665€,11,2012-09-09,TOURS,B,6%
EMP-220,Alice Petrov,R&D,Research Scientist,52690,4,2016-01-07,MONTPELLIER,B,6%
EMP-221,PATRICIA PERRIN,R&D,Research Scientist,78204€,24,2019-02-07,DIJON,A,18%
EMP-222,bob rodriguez,MARKETING,Marketing Manager,85240,12,2021-10-03,ORLEANS,B,10%
EMP-223,Quentin Adams,FINANCE,Financial Controller,50099€,3,2023-07-28,BORDEAUX,A,15%
EMP-224,Steven Tremblay,IT,Data Scientist,73399€,20,2010-11-29,ANGERS,B,7%
EMP-225,NATALIE FAURE,FINANCE,Financial Controller,40315€,1,2024-11-25,TOULOUSE,C,4%
EMP-226,JACK WHITE,ADMIN,Executive Assistant,54396,4,2011-07-16,GRENOBLE,B,7%
EMP-227,Thomas Dubois,HR,HR Manager,75121,19,2022-07-18,NICE,A,20%
EMP-228,RACHEL PERRIN,IT,DevOps Engineer,63052€,9,2019-12-01,NANTES,B,7%
EMP-229,Grace Dubois,FINANCE,Financial Controller,79731€,20,2017-06-25,BORDEAUX,C,5%
EMP-230,alice petrov,IT,Software Engineer,60666€,7,2015-03-24,paris,A,16%
EMP-231,ivana klein,MARKETING,Marketing Manager,63294,5,2020-03-13,TOULOUSE,C,4%
EMP-232,KEVIN FAURE,HR,HR Assistant,89562€,21,2015-01-16,ORLEANS,A,12%
EMP-233,KEVIN RODRIGUEZ,ADMIN,Executive Assistant,35712€,1,2016-12-28,LYON,B,8%
EMP-234,IVANA WILSON,ADMIN,Executive Assistant,82720€,15,2021-09-28,TOULOUSE,C,4%
EMP-235,frank martin,FINANCE,Financial Analyst,57123€,7,2016-10-10,TOULOUSE,C,4%
EMP-236,HENRY TREMBLAY,IT,IT Manager,78005€,11,2024-01-14,LILLE,C,5%
EMP-237,quentin tremblay,IT,Data Scientist,66155,9,2017-03-27,STRASBOURG,B,5%
EMP-238,oliver dupont,FINANCE,Financial Controller,63839,5,2019-05-09,DIJON,A,20%
EMP-239,patricia perrin,MARKETING,SEO Specialist,50443,3,2015-06-18,NANTES,B,9%
EMP-240,Charlie Roy,HR,HR Assistant,46541€,2,2023-08-12,LYON,A,13%
EMP-241,jack dubois,HR,HR Manager,81791€,24,2019-10-19,LIMOGES,C,4%
EMP-242,Evelyn Faure,ADMIN,Executive Assistant,48489,2,2017-03-17,BESANCON,A,14%
EMP-243,Bob Martin,ADMIN,Executive Assistant,79069,22,2020-04-16,LIMOGES,C,4%
EMP-244,THOMAS ADAMS,HR,HR Manager,63873,7,2021-06-23,BORDEAUX,A,20%
EMP-245,JACK ADAMS,SALES,Sales Director,78747,10,2013-08-25,paris,C,3%
EMP-246,HENRY TREMBLAY,SALES,Sales Manager,52346€,2,2019-11-03,STRASBOURG,B,10%
EMP-247,grace adams,R&D,ML Engineer,88803€,15,2021-07-04,LIMOGES,A,17%
EMP-248,DIANA DUPONT,MARKETING,Marketing Manager,92985€,10,2011-12-21,MONTPELLIER,A,12%
EMP-249,patricia roy,MARKETING,Content Manager,71895,12,2020-08-24,LIMOGES,C,5%
EMP-250,ALICE LEGRAND,HR,HR Assistant,91661€,23,2021-06-08,CLERMONT-FERRAND,B,5%
EMP-251,Thomas Perrin,R&D,ML Engineer,71754,12,2012-01-18,DIJON,C,4%
EMP-252,DIANA DUPONT,R&D,Research Scientist,79076€,17,2019-09-20,ANGERS,B,8%
EMP-253,DIANA GAUTHIER,FINANCE,Financial Controller,75865€,22,2015-05-29,MARSEILLE,C,5%
EMP-254,bob perrin,IT,Data Scientist,89960,14,2024-09-17,RENNES,B,7%
EMP-255,Bob Adams,FINANCE,Financial Analyst,57107€,7,2015-12-03,CLERMONT-FERRAND,B,5%
EMP-256,Frank Dupont,IT,DevOps Engineer,48855,3,2015-06-02,ORLEANS,C,4%
EMP-257,THOMAS PETROV,IT,Software Engineer,82109€,23,2012-08-21,STRASBOURG,A,11%
EMP-258,RACHEL LEGRAND,HR,HR Assistant,59472,8,2010-08-06,LE MANS,A,19%
EMP-259,Frank Faure,FINANCE,Financial Controller,73113€,11,2010-10-24,DIJON,B,8%
EMP-260,martin bennett,FINANCE,Financial Controller,91981€,21,2011-03-29,STRASBOURG,B,8%
EMP-261,steven perrin,R&D,ML Engineer,93051€,13,2014-05-22,MARSEILLE,B,7%
EMP-262,Natalie Gauthier,R&D,Research Scientist,84479,12,2013-05-09,BESANCON,B,6%
EMP-263,evelyn legrand,FINANCE,Financial Controller,94336€,10,2024-10-22,RENNES,B,10%
EMP-264,diana dupont,ADMIN,Executive Assistant,80636,11,2021-02-17,LILLE,A,17%
EMP-265,charlie leroy,SALES,Sales Manager,93597,21,2019-05-20,LIMOGES,B,10%
EMP-266,Ivana Faure,R&D,Research Scientist,44484,1,2015-02-28,MARSEILLE,C,4%
EMP-267,alice roy,MARKETING,Marketing Manager,67025,7,2018-12-23,BORDEAUX,B,5%
EMP-268,Charlie Adams,R&D,Research Scientist,83170,25,2010-01-15,MARSEILLE,B,7%
EMP-269,frank gauthier,ADMIN,Executive Assistant,86740€,23,2017-05-23,MARSEILLE,C,4%
EMP-270,BOB ROY,R&D,Research Scientist,52267,4,2021-11-05,DIJON,B,5%
EMP-271,kevin rousseau,ADMIN,Executive Assistant,92826,16,2016-07-07,MONTPELLIER,C,4%
EMP-272,Quentin Martin,R&D,ML Engineer,37977,0,2012-07-28,NICE,A,17%
EMP-273,Frank Faure,SALES,Sales Director,82704€,12,2023-10-30,paris,A,13%
EMP-274,steven adams,IT,IT Manager,37698€,1,2011-01-13,NICE,A,20%
EMP-275,alice tremblay,IT,DevOps Engineer,79014,16,2014-01-11,MONTPELLIER,A,16%
EMP-276,charlie klein,MARKETING,Marketing Manager,90602€,16,2013-09-23,TOULON,A,10%
EMP-277,martin bennett,FINANCE,Financial Controller,40493,1,2019-10-10,MARSEILLE,A,16%
EMP-278,Grace White,R&D,Research Scientist,68202€,5,2020-03-26,LIMOGES,A,10%
EMP-279,QUENTIN PETROV,FINANCE,Financial Controller,47540€,3,2014-09-17,TOULON,B,9%
EMP-280,THOMAS MARTIN,R&D,ML Engineer,58842,9,2016-07-09,CLERMONT-FERRAND,B,9%
EMP-281,alice rousseau,SALES,Sales Manager,92899€,14,2013-03-20,TOULOUSE,B,10%
EMP-282,Oliver Rodriguez,FINANCE,Financial Controller,89964€,22,2010-01-10,TOULOUSE,C,3%
EMP-283,STEVEN ROY,IT,Software Engineer,70401€,12,2022-07-02,STRASBOURG,B,9%
EMP-284,Diana Rousseau,MARKETING,Marketing Manager,80711,22,2013-06-07,LYON,C,5%
EMP-285,martin rodriguez,MARKETING,Marketing Manager,57574,8,2010-08-21,LYON,C,3%
EMP-286,THOMAS GAUTHIER,HR,HR Specialist,92164€,21,2021-10-20,NICE,B,9%
EMP-287,Charlie Petrov,ADMIN,Executive Assistant,84210€,22,2012-01-29,DIJON,B,8%
EMP-288,grace faure,ADMIN,Executive Assistant,86825€,21,2021-09-26,TOULOUSE,B,6%
EMP-289,MARTIN PERRIN,ADMIN,Executive Assistant,49738€,3,2018-05-24,LE MANS,B,5%
EMP-290,LAURA ADAMS,SALES,Sales Rep,79070€,18,2021-11-21,AMIENS,A,20%
EMP-291,Steven Smith,ADMIN,Executive Assistant,82979,24,2018-08-03,MONTPELLIER,B,10%
EMP-292,Martin Legrand,R&D,ML Engineer,42508,1,2019-08-12,CAEN,B,5%
EMP-293,EVELYN KLEIN,R&D,Research Scientist,48019,2,2018-06-11,LE MANS,A,11%
EMP-294,HENRY RODRIGUEZ,HR,HR Manager,82276,13,2023-01-11,CAEN,C,4%
EMP-295,patricia leroy,MARKETING,Marketing Manager,80665,24,2015-02-07,paris,C,3%
EMP-296,IVANA MOREAU,FINANCE,Financial Controller,41734€,0,2016-02-05,NICE,B,8%
EMP-297,STEVEN RODRIGUEZ,HR,HR Manager,77894,20,2023-03-29,LE MANS,B,7%
EMP-298,laura perrin,HR,HR Specialist,50565€,3,2014-11-25,NICE,B,5%
EMP-299,oliver wilson,R&D,ML Engineer,84974€,18,2013-04-03,MONTPELLIER,B,9%
EMP-300,STEVEN WILSON,IT,IT Manager,85034,18,2023-12-05,CAEN,C,5%
EMP-301,frank klein,R&D,Research Scientist,87377€,18,2021-12-14,LIMOGES,B,8%
EMP-302,EVELYN DUPONT,R&D,Research Scientist,86948,14,2023-03-16,LE MANS,A,11%
EMP-303,martin tremblay,R&D,ML Engineer,94158€,13,2012-05-17,LIMOGES,B,6%
EMP-304,steven wilson,IT,Software Engineer,47238,3,2011-05-17,TOURS,C,3%
EMP-305,THOMAS KLEIN,MARKETING,Content Manager,59757€,9,2024-08-05,BESANCON,B,9%
EMP-306,DIANA ROY,SALES,Sales Director,74254€,22,2014-04-18,BESANCON,A,14%
EMP-307,GRACE WHITE,SALES,Sales Director,66408,7,2022-12-15,LYON,B,7%
EMP-308,Thomas Dubois,MARKETING,SEO Specialist,88181,23,2023-10-23,CAEN,B,7%
EMP-309,KEVIN WHITE,FINANCE,Financial Analyst,76578,20,2022-10-30,METZ,B,5%
EMP-310,bob rodriguez,ADMIN,Executive Assistant,58568€,7,2018-04-04,AMIENS,C,5%
EMP-311,JACK MARTIN,HR,HR Manager,76901€,16,2012-04-03,STRASBOURG,B,5%
EMP-312,ivana faure,ADMIN,Executive Assistant,36163,1,2018-08-08,NICE,B,7%
EMP-313,bob perrin,FINANCE,Financial Controller,60179,6,2014-12-15,MONTPELLIER,A,10%
EMP-314,Quentin Tremblay,FINANCE,Financial Controller,69736,5,2019-03-20,ORLEANS,A,10%
EMP-315,Patricia Klein,FINANCE,Financial Analyst,75360€,24,2022-03-14,AMIENS,B,9%
EMP-316,Oliver Gauthier,ADMIN,Executive Assistant,72705€,24,2014-11-12,METZ,B,6%
EMP-317,Charlie Dubois,ADMIN,Executive Assistant,86929,25,2013-02-26,LE MANS,C,3%
EMP-318,Diana Gauthier,R&D,Research Scientist,78174€,12,2010-11-26,CLERMONT-FERRAND,A,20%
EMP-319,Natalie Klein,FINANCE,Financial Controller,60136,9,2016-11-10,STRASBOURG,B,6%
EMP-320,alice smith,ADMIN,Executive Assistant,74103€,11,2019-10-29,MONTPELLIER,B,10%
EMP-321,Alice Rodriguez,FINANCE,Financial Analyst,74759,23,2011-05-04,LYON,B,6%
EMP-322,ALICE RODRIGUEZ,HR,HR Manager,93872€,12,2023-12-03,STRASBOURG,B,8%
EMP-323,Laura Perrin,HR,HR Assistant,62663,5,2019-01-16,TOULOUSE,A,14%
EMP-324,Kevin Rodriguez,R&D,Research Scientist,84575,15,2013-04-18,STRASBOURG,A,19%
EMP-325,GRACE GAUTHIER,SALES,Sales Manager,64432,7,2017-07-22,NICE,C,3%
EMP-326,Quentin Dubois,SALES,Sales Rep,57961€,6,2019-08-05,ORLEANS,B,7%
EMP-327,quentin smith,SALES,Sales Director,85646,21,2014-02-20,BESANCON,B,7%
EMP-328,charlie dubois,MARKETING,Content Manager,78945,14,2022-10-19,NICE,A,11%
EMP-329,PATRICIA WHITE,FINANCE,Financial Analyst,63346€,9,2011-03-14,TOULOUSE,B,7%
EMP-330,Bob Faure,MARKETING,Marketing Manager,83264€,25,2016-08-14,METZ,B,7%
EMP-331,RACHEL ADAMS,SALES,Sales Director,75069€,21,2019-05-10,MARSEILLE,A,13%
EMP-332,henry wilson,ADMIN,Executive Assistant,88605,10,2010-03-08,MONTPELLIER,B,9%
EMP-333,jack roy,SALES,Sales Rep,89548,12,2011-07-16,LE MANS,B,10%
EMP-334,martin faure,R&D,Research Scientist,50076€,4,2022-01-04,MARSEILLE,B,8%
EMP-335,grace smith,R&D,Research Scientist,63341,7,2023-02-08,LE MANS,B,5%
EMP-336,LAURA MARTIN,IT,Data Analyst,68326,8,2010-06-28,LYON,B,9%
EMP-337,evelyn gauthier,FINANCE,Financial Controller,88273€,13,2017-08-13,STRASBOURG,A,18%
EMP-338,natalie roy,FINANCE,Financial Controller,87862,18,2015-05-13,STRASBOURG,C,3%
EMP-339,JACK SMITH,MARKETING,SEO Specialist,56113,5,2017-07-08,paris,A,13%
EMP-340,natalie perrin,HR,HR Specialist,77152,11,2022-07-24,AMIENS,B,9%
EMP-341,MARTIN DUBOIS,R&D,Research Scientist,88581,12,2015-09-28,CLERMONT-FERRAND,B,9%
EMP-342,JACK ADAMS,SALES,Sales Manager,65006€,6,2015-08-08,CLERMONT-FERRAND,B,10%
EMP-343,DIANA MARTIN,ADMIN,Executive Assistant,74506,18,2017-05-27,METZ,B,6%
EMP-344,ivana smith,R&D,Research Scientist,78930€,19,2019-03-13,LYON,B,7%
EMP-345,Diana Rodriguez,HR,HR Assistant,81925€,12,2018-02-16,ANGERS,B,7%
EMP-346,oliver wilson,IT,Data Analyst,76543,16,2016-03-20,CAEN,B,5%
EMP-347,THOMAS FAURE,HR,HR Assistant,85935€,16,2017-12-24,DIJON,A,14%
EMP-348,Ivana Rodriguez,R&D,Research Scientist,38707,1,2011-07-03,MONTPELLIER,A,18%
EMP-349,IVANA DUPONT,FINANCE,Financial Analyst,54005,4,2012-05-11,LE MANS,A,17%
EMP-350,JACK RODRIGUEZ,IT,Data Analyst,71962,18,2020-09-15,MONTPELLIER,B,7%
EMP-351,PATRICIA ROY,IT,Software Engineer,80845,22,2022-10-29,CLERMONT-FERRAND,B,6%
EMP-352,charlie roy,MARKETING,Content Manager,91405€,24,2018-02-07,TOURS,A,20%
EMP-353,evelyn moreau,MARKETING,Content Manager,72263,25,2018-03-23,RENNES,C,3%
EMP-354,diana smith,IT,DevOps Engineer,52326€,3,2015-02-20,TOULON,B,5%
EMP-355,JACK DUBOIS,SALES,Sales Director,52832,2,2018-10-23,DIJON,A,20%
EMP-356,JACK MOREAU,HR,HR Assistant,60984€,8,2011-09-18,MONTPELLIER,B,5%
EMP-357,HENRY GAUTHIER,SALES,Sales Director,76457,18,2019-12-04,paris,B,6%
EMP-358,Bob Dubois,FINANCE,Financial Controller,57894€,6,2019-12-22,CLERMONT-FERRAND,B,10%
EMP-359,frank tremblay,IT,IT Manager,54079€,2,2020-04-21,CLERMONT-FERRAND,B,9%
EMP-360,DIANA PERRIN,MARKETING,SEO Specialist,48967€,2,2013-11-13,AMIENS,B,10%
EMP-361,GRACE PERRIN,R&D,Research Scientist,41266,0,2013-05-06,NICE,A,13%
EMP-362,Patricia Adams,ADMIN,Executive Assistant,78984,20,2012-06-12,LE MANS,C,3%
EMP-363,quentin white,R&D,ML Engineer,76499€,21,2014-06-25,ANGERS,C,5%
EMP-364,Patricia Klein,R&D,ML Engineer,80459€,20,2015-08-26,RENNES,B,10%
EMP-365,evelyn martin,IT,Software Engineer,85987,18,2014-02-26,LILLE,B,10%
EMP-366,STEVEN LEROY,ADMIN,Executive Assistant,47398,4,2024-10-01,ORLEANS,B,10%
EMP-367,DIANA MOREAU,HR,HR Specialist,59525€,5,2019-03-18,STRASBOURG,A,10%
EMP-368,diana gauthier,IT,Software Engineer,64745,5,2018-10-03,LE MANS,A,11%
EMP-369,laura roy,HR,HR Assistant,86504€,18,2018-06-08,TOULOUSE,B,5%
EMP-370,jack legrand,IT,DevOps Engineer,88974,13,2019-04-06,LILLE,C,3%
EMP-371,thomas tremblay,IT,Data Analyst,88921,19,2014-07-24,ORLEANS,B,9%
EMP-372,evelyn roy,R&D,ML Engineer,94682,12,2024-10-11,AMIENS,B,7%
EMP-373,STEVEN MOREAU,ADMIN,Executive Assistant,46211€,4,2012-02-10,NANTES,B,8%
EMP-374,henry gauthier,R&D,Research Scientist,86150€,17,2012-02-26,TOULOUSE,A,14%
EMP-375,Martin Roy,ADMIN,Executive Assistant,85681,16,2013-09-30,GRENOBLE,B,5%
EMP-376,oliver martin,MARKETING,Marketing Manager,86456€,10,2012-08-01,GRENOBLE,A,17%
EMP-377,Henry Martin,HR,HR Manager,90056€,20,2018-10-30,DIJON,C,5%
EMP-378,charlie klein,IT,Data Analyst,45090,4,2022-04-02,ANGERS,B,6%
EMP-379,Natalie Roy,R&D,Research Scientist,72015€,23,2014-09-11,BESANCON,B,8%
EMP-380,Rachel Smith,MARKETING,SEO Specialist,76684,13,2018-05-06,CAEN,B,8%
EMP-381,Martin White,IT,Software Engineer,93846,11,2018-10-07,LIMOGES,A,11%
EMP-382,Bob Roy,HR,HR Assistant,58435,7,2015-07-15,LILLE,B,10%
EMP-383,Charlie Gauthier,R&D,Research Scientist,89870€,24,2018-08-08,LIMOGES,C,3%
EMP-384,Steven Dupont,IT,DevOps Engineer,65393,8,2019-01-09,MARSEILLE,B,5%
EMP-385,STEVEN PERRIN,HR,HR Specialist,65050€,6,2012-09-28,ANGERS,B,7%
EMP-386,Frank Gauthier,MARKETING,Content Manager,54312€,3,2017-01-17,TOURS,C,3%
EMP-387,Oliver Perrin,FINANCE,Financial Analyst,79533,14,2013-01-11,MARSEILLE,B,7%
EMP-388,BOB LEROY,IT,Software Engineer,80560€,15,2019-09-27,BESANCON,B,7%
EMP-389,Alice Dubois,R&D,Research Scientist,87877€,17,2019-06-30,MONTPELLIER,A,19%
EMP-390,IVANA DUPONT,FINANCE,Financial Analyst,89389,21,2020-01-17,CLERMONT-FERRAND,B,6%
EMP-391,martin faure,ADMIN,Executive Assistant,53633,2,2012-05-22,TOURS,C,5%
EMP-392,thomas smith,R&D,Research Scientist,36487,1,2020-07-19,CAEN,A,11%
EMP-393,ALICE TREMBLAY,R&D,Research Scientist,69274,6,2012-06-11,ANGERS,B,7%
EMP-394,Patricia White,SALES,Sales Manager,74453,10,2019-03-03,NANTES,A,16%
EMP-395,DIANA FAURE,FINANCE,Financial Analyst,75891,12,2013-08-01,NANTES,C,4%
EMP-396,RACHEL MOREAU,MARKETING,Content Manager,87905€,24,2023-12-09,TOULON,B,7%
EMP-397,Laura Wilson,IT,IT Manager,46368,4,2017-12-10,STRASBOURG,A,17%
EMP-398,Natalie Martin,SALES,Sales Manager,40004€,1,2022-01-25,BESANCON,B,5%
EMP-399,QUENTIN LEGRAND,HR,HR Specialist,54722€,3,2018-09-26,MARSEILLE,A,20%
EMP-400,Henry Gauthier,R&D,ML Engineer,71645€,10,2017-06-27,MARSEILLE,B,6%
EMP-401,Steven Moreau,HR,HR Assistant,93267,21,2011-06-28,TOULON,B,9%
EMP-402,Natalie Moreau,IT,Data Analyst,56486€,5,2011-12-28,paris,B,9%
EMP-403,GRACE LEGRAND,R&D,Research Scientist,88241€,18,2015-05-25,LILLE,B,6%
EMP-404,PATRICIA GAUTHIER,IT,Data Scientist,74099,20,2020-01-29,TOULON,C,3%
EMP-405,Alice Dubois,IT,Software Engineer,84978€,15,2017-09-23,LE MANS,A,19%
EMP-406,evelyn wilson,ADMIN,Executive Assistant,90185,14,2021-10-06,BORDEAUX,B,6%
EMP-407,KEVIN ROUSSEAU,IT,Data Scientist,86125,21,2012-02-10,DIJON,B,7%
EMP-408,KEVIN FAURE,MARKETING,Marketing Manager,89129,13,2014-03-02,NANTES,A,17%
EMP-409,oliver gauthier,ADMIN,Executive Assistant,68675,5,2016-11-27,TOULON,B,6%
EMP-410,FRANK MARTIN,R&D,ML Engineer,76176€,17,2014-08-12,TOULON,B,9%
EMP-411,Henry Petrov,SALES,Sales Rep,51891,4,2024-11-26,AMIENS,C,4%
EMP-412,KEVIN DUPONT,R&D,Research Scientist,46581€,2,2012-08-01,AMIENS,B,10%
EMP-413,RACHEL PERRIN,SALES,Sales Director,74677,21,2023-12-01,TOURS,A,16%
EMP-414,BOB ADAMS,R&D,ML Engineer,85066,11,2010-02-19,BESANCON,B,8%
EMP-415,jack perrin,ADMIN,Executive Assistant,55962,6,2011-05-16,AMIENS,A,13%
EMP-416,diana legrand,MARKETING,SEO Specialist,85323€,22,2020-08-20,GRENOBLE,B,7%
EMP-417,FRANK LEROY,IT,DevOps Engineer,85820€,19,2017-08-23,LIMOGES,C,3%
EMP-418,ivana rodriguez,SALES,Sales Manager,58600,5,2020-12-01,GRENOBLE,A,15%
EMP-419,Evelyn Perrin,ADMIN,Executive Assistant,90530,10,2018-09-25,MARSEILLE,B,8%
EMP-420,oliver perrin,FINANCE,Financial Controller,65632,9,2023-05-26,METZ,C,4%
EMP-421,Alice Rousseau,SALES,Sales Rep,79104€,25,2022-04-27,MARSEILLE,B,6%
EMP-422,natalie perrin,MARKETING,SEO Specialist,62769,7,2019-05-10,BORDEAUX,C,5%
EMP-423,Grace Bennett,FINANCE,Financial Analyst,86618€,20,2018-04-22,ANGERS,A,15%
EMP-424,FRANK PERRIN,MARKETING,Content Manager,91032,22,2020-09-04,NICE,A,11%
EMP-425,evelyn klein,IT,Data Scientist,94308€,12,2022-12-19,LYON,B,6%
EMP-426,DIANA FAURE,SALES,Sales Manager,74123€,25,2024-03-03,ORLEANS,B,5%
EMP-427,BOB SMITH,MARKETING,SEO Specialist,75799€,15,2010-05-25,LYON,C,3%
EMP-428,HENRY FAURE,IT,IT Manager,80133€,16,2013-04-28,MARSEILLE,A,13%
EMP-429,ivana faure,FINANCE,Financial Analyst,67511,6,2024-04-09,NICE,B,7%
EMP-430,THOMAS KLEIN,FINANCE,Financial Controller,81760,13,2015-07-06,NANTES,B,6%
EMP-431,Martin Wilson,IT,Software Engineer,63395,8,2022-05-24,ANGERS,B,10%
EMP-432,bob faure,IT,IT Manager,55064€,6,2019-02-16,DIJON,A,17%
EMP-433,KEVIN DUPONT,IT,IT Manager,66379,9,2016-08-02,MONTPELLIER,B,9%
EMP-434,Diana Rodriguez,FINANCE,Financial Analyst,41394€,0,2018-04-27,LILLE,B,8%
EMP-435,martin rousseau,R&D,ML Engineer,66406€,6,2024-02-19,BESANCON,C,4%
EMP-436,oliver white,MARKETING,Marketing Manager,50825€,4,2020-03-04,ORLEANS,C,3%
EMP-437,natalie rodriguez,R&D,Research Scientist,38319€,1,2011-03-20,RENNES,B,9%
EMP-438,diana tremblay,MARKETING,Content Manager,86666,12,2018-09-11,TOULOUSE,B,5%
EMP-439,jack klein,IT,DevOps Engineer,75420,19,2012-09-07,TOULOUSE,A,10%
EMP-440,Bob White,SALES,Sales Rep,84430€,15,2016-12-25,AMIENS,C,5%
EMP-441,quentin faure,FINANCE,Financial Analyst,56157€,7,2019-07-23,AMIENS,B,9%
EMP-442,Grace Faure,SALES,Sales Manager,60035€,6,2011-09-04,TOURS,B,6%
EMP-443,KEVIN GAUTHIER,R&D,ML Engineer,85262,13,2018-03-28,BORDEAUX,A,19%
EMP-444,Oliver White,R&D,ML Engineer,52288€,2,2010-05-19,MONTPELLIER,B,5%
EMP-445,DIANA DUBOIS,SALES,Sales Director,69667€,6,2010-07-23,MARSEILLE,B,8%
EMP-446,KEVIN DUPONT,FINANCE,Financial Analyst,81018€,25,2022-02-14,BORDEAUX,A,20%
EMP-447,Quentin Legrand,ADMIN,Executive Assistant,40051€,1,2021-06-26,STRASBOURG,A,13%
EMP-448,Alice Dupont,MARKETING,Marketing Manager,90551€,17,2024-08-22,LE MANS,B,6%
EMP-449,PATRICIA GAUTHIER,IT,Data Analyst,67852,7,2010-06-25,RENNES,B,5%
EMP-450,NATALIE ADAMS,IT,IT Manager,54842,2,2022-11-18,AMIENS,B,5%
EMP-451,QUENTIN WHITE,FINANCE,Financial Controller,39124,0,2016-09-29,DIJON,B,7%
EMP-452,Steven Petrov,MARKETING,Marketing Manager,90153,24,2021-05-13,CAEN,A,14%
EMP-453,frank gauthier,MARKETING,Marketing Manager,75392€,23,2013-06-15,ANGERS,C,4%
EMP-454,rachel rousseau,FINANCE,Financial Analyst,87063€,24,2018-03-29,LYON,B,8%
EMP-455,NATALIE PETROV,ADMIN,Executive Assistant,80058,17,2011-12-08,TOULON,A,16%
EMP-456,Laura Petrov,R&D,ML Engineer,93516,24,2020-08-28,TOURS,C,3%
EMP-457,Laura Bennett,MARKETING,Content Manager,67144€,6,2021-12-16,TOULON,B,6%
EMP-458,henry martin,MARKETING,Marketing Manager,52092,3,2012-05-18,NANTES,B,5%
EMP-459,Grace Rodriguez,SALES,Sales Rep,61476€,8,2021-01-19,paris,B,8%
EMP-460,KEVIN ADAMS,HR,HR Manager,91341,20,2013-04-17,TOURS,C,4%
EMP-461,Diana Leroy,FINANCE,Financial Analyst,86709€,22,2010-08-28,LILLE,A,20%
EMP-462,bob leroy,FINANCE,Financial Controller,50629€,3,2020-04-08,NICE,B,9%
EMP-463,Grace Faure,MARKETING,Marketing Manager,76725,14,2013-05-21,CLERMONT-FERRAND,C,3%
EMP-464,Thomas Faure,MARKETING,Content Manager,48195,4,2014-06-26,BORDEAUX,A,12%
EMP-465,Kevin Klein,SALES,Sales Manager,76884€,19,2015-12-17,ORLEANS,B,9%
EMP-466,Oliver Perrin,FINANCE,Financial Controller,54300€,2,2020-02-07,DIJON,C,3%
EMP-467,diana adams,HR,HR Manager,74174,12,2024-04-06,TOULON,B,9%
EMP-468,QUENTIN FAURE,SALES,Sales Director,79670€,20,2011-09-26,BESANCON,A,20%
EMP-469,Ivana Wilson,R&D,ML Engineer,93453,18,2010-06-05,CAEN,B,7%
EMP-470,martin perrin,R&D,ML Engineer,62145€,8,2023-01-09,LIMOGES,A,16%
EMP-471,THOMAS LEGRAND,HR,HR Specialist,51153€,3,2016-04-07,MONTPELLIER,B,5%
EMP-472,rachel klein,IT,Data Scientist,74819,19,2025-01-22,TOULON,B,6%
EMP-473,Quentin Tremblay,HR,HR Manager,86541,14,2015-08-31,BESANCON,C,3%
EMP-474,Patricia Martin,HR,HR Specialist,72432,19,2010-01-29,MARSEILLE,A,10%
EMP-475,Frank Petrov,HR,HR Manager,76447,16,2018-05-21,CAEN,B,7%
EMP-476,Ivana Moreau,FINANCE,Financial Analyst,63519€,5,2024-12-19,DIJON,B,10%
EMP-477,STEVEN MARTIN,R&D,ML Engineer,62285,9,2017-06-10,DIJON,B,9%
EMP-478,laura petrov,MARKETING,Content Manager,79890,19,2013-06-24,TOULON,A,15%
EMP-479,grace white,SALES,Sales Rep,47609€,4,2024-04-09,AMIENS,A,18%
EMP-480,IVANA GAUTHIER,HR,HR Manager,48665€,2,2012-05-06,CLERMONT-FERRAND,B,9%
EMP-481,OLIVER TREMBLAY,ADMIN,Executive Assistant,76525€,14,2012-11-23,GRENOBLE,B,6%
EMP-482,kevin leroy,SALES,Sales Rep,65254€,7,2018-11-27,TOULOUSE,A,14%
EMP-483,LAURA ROY,R&D,Research Scientist,50879€,4,2021-01-08,MARSEILLE,B,6%
EMP-484,Quentin Adams,ADMIN,Executive Assistant,90598€,24,2021-07-15,paris,B,10%
EMP-485,Diana Klein,ADMIN,Executive Assistant,60469,9,2010-06-08,MONTPELLIER,C,4%
EMP-486,Steven White,SALES,Sales Director,79756€,19,2015-09-12,CAEN,B,5%
EMP-487,IVANA MARTIN,MARKETING,SEO Specialist,72273,19,2025-01-17,LIMOGES,B,7%
EMP-488,oliver petrov,SALES,Sales Manager,84347€,12,2011-01-07,NANTES,C,4%
EMP-489,QUENTIN DUBOIS,MARKETING,Marketing Manager,75480€,13,2017-08-07,LILLE,C,3%
EMP-490,martin smith,MARKETING,SEO Specialist,94762€,16,2015-12-04,BORDEAUX,B,8%
EMP-491,Diana Faure,ADMIN,Executive Assistant,82550,10,2013-03-16,MONTPELLIER,A,20%
EMP-492,EVELYN RODRIGUEZ,MARKETING,Marketing Manager,45432€,3,2017-03-02,NICE,C,5%
EMP-493,Patricia Adams,IT,IT Manager,87698€,13,2020-04-29,CAEN,B,7%
EMP-494,OLIVER MARTIN,ADMIN,Executive Assistant,78603,19,2024-11-10,BESANCON,C,3%
EMP-495,kevin klein,HR,HR Manager,50978€,2,2010-08-29,NICE,B,9%
EMP-496,Henry Dupont,MARKETING,SEO Specialist,43692,0,2019-07-09,MARSEILLE,B,6%
EMP-497,Henry White,FINANCE,Financial Analyst,79482,23,2022-01-30,LILLE,B,8%
EMP-498,STEVEN DUPONT,HR,HR Assistant,88363,25,2021-05-05,TOULON,B,9%
EMP-499,HENRY WHITE,ADMIN,Executive Assistant,91037€,12,2014-04-13,TOULON,B,8%
EMP-500,bob leroy,IT,Software Engineer,70448€,23,2015-10-15,BORDEAUX,B,7%
EMP-501,Natalie Moreau,HR,HR Assistant,91210,13,2010-08-03,BORDEAUX,B,7%
EMP-502,patricia rodriguez,SALES,Sales Rep,92646,14,2021-10-15,DIJON,B,10%
EMP-503,Henry Tremblay,HR,HR Assistant,69085€,9,2011-10-29,LILLE,B,7%
EMP-504,Bob Rodriguez,R&D,Research Scientist,63059,7,2013-03-11,LYON,A,17%
EMP-505,Ivana Adams,MARKETING,Marketing Manager,94246,12,2016-06-27,DIJON,B,8%
EMP-506,Natalie Gauthier,FINANCE,Financial Analyst,50237€,3,2010-04-19,STRASBOURG,A,10%
EMP-507,natalie wilson,IT,Software Engineer,93535€,11,2011-12-17,LYON,C,5%
EMP-508,Oliver Dupont,ADMIN,Executive Assistant,87683€,22,2010-01-09,RENNES,B,6%
EMP-509,alice bennett,FINANCE,Financial Controller,49765€,4,2019-12-23,GRENOBLE,C,3%
EMP-510,natalie rousseau,MARKETING,Content Manager,84816,18,2019-01-18,AMIENS,A,17%
EMP-511,charlie bennett,SALES,Sales Rep,81893,15,2016-07-11,MARSEILLE,C,4%
EMP-512,PATRICIA DUBOIS,R&D,Research Scientist,63791,6,2013-01-04,LYON,B,7%
EMP-513,NATALIE PETROV,MARKETING,Content Manager,59572,9,2018-10-27,TOULOUSE,A,17%
EMP-514,Evelyn Leroy,IT,DevOps Engineer,61744€,7,2012-01-30,DIJON,A,15%
EMP-515,NATALIE MARTIN,MARKETING,Content Manager,91889€,11,2013-02-05,TOULON,A,15%
EMP-516,kevin dubois,HR,HR Specialist,48424,2,2024-06-21,NICE,A,11%
EMP-517,NATALIE ROY,R&D,Research Scientist,71683€,11,2010-11-06,DIJON,B,6%
EMP-518,Ivana Moreau,IT,IT Manager,78445€,19,2024-10-04,AMIENS,A,10%
EMP-519,BOB SMITH,MARKETING,SEO Specialist,55437,8,2016-10-27,DIJON,B,5%
EMP-520,rachel faure,ADMIN,Executive Assistant,65760€,9,2014-10-10,METZ,C,5%
EMP-521,alice klein,SALES,Sales Manager,75384€,15,2012-11-06,BORDEAUX,B,10%
EMP-522,IVANA KLEIN,IT,Data Analyst,42264,0,2016-01-05,TOULOUSE,A,15%
EMP-523,oliver dubois,MARKETING,Content Manager,68506€,9,2014-11-24,DIJON,A,18%
EMP-524,Quentin Rodriguez,SALES,Sales Director,84658,13,2011-12-01,GRENOBLE,A,16%
EMP-525,Charlie Dubois,SALES,Sales Director,70140€,13,2021-04-04,RENNES,A,16%
EMP-526,Alice Rousseau,MARKETING,Content Manager,83741€,16,2022-12-29,NICE,C,5%
EMP-527,RACHEL WILSON,ADMIN,Executive Assistant,73281,15,2019-02-21,NICE,A,12%
EMP-528,GRACE ROY,SALES,Sales Manager,57494€,6,2016-05-29,NANTES,C,4%
EMP-529,FRANK DUBOIS,R&D,Research Scientist,89658€,20,2019-06-27,STRASBOURG,B,9%
EMP-530,Oliver Tremblay,HR,HR Manager,73921,11,2010-11-22,BORDEAUX,A,19%
EMP-531,Alice Dubois,MARKETING,Content Manager,50759,4,2022-06-27,ANGERS,A,20%
EMP-532,alice roy,ADMIN,Executive Assistant,83402,20,2020-10-09,GRENOBLE,A,10%
EMP-533,Martin Moreau,SALES,Sales Director,45317€,3,2016-12-08,ORLEANS,B,7%
EMP-534,DIANA MARTIN,SALES,Sales Rep,63613,6,2016-05-27,GRENOBLE,A,16%
EMP-535,Steven Roy,MARKETING,Marketing Manager,51021,4,2023-09-26,BESANCON,B,10%
EMP-536,Henry Dupont,MARKETING,Content Manager,78677,14,2019-08-01,BORDEAUX,B,7%
EMP-537,BOB TREMBLAY,MARKETING,Marketing Manager,94932,12,2019-04-24,ANGERS,C,4%
EMP-538,quentin dupont,IT,IT Manager,82672€,20,2016-08-18,DIJON,B,8%
EMP-539,Kevin Perrin,HR,HR Specialist,87575,15,2014-12-14,MARSEILLE,B,10%
EMP-540,STEVEN ROUSSEAU,MARKETING,Content Manager,73483€,25,2023-09-28,AMIENS,A,19%
EMP-541,natalie roy,SALES,Sales Director,82182,16,2021-04-20,BORDEAUX,B,7%
EMP-542,frank klein,MARKETING,SEO Specialist,67325€,8,2014-08-21,NICE,A,13%
EMP-543,OLIVER ADAMS,SALES,Sales Manager,83510€,21,2022-11-07,LE MANS,A,13%
EMP-544,DIANA GAUTHIER,FINANCE,Financial Analyst,82541€,14,2014-09-09,ANGERS,B,9%
EMP-545,steven rousseau,R&D,Research Scientist,93249€,14,2015-02-14,MONTPELLIER,B,8%
EMP-546,Steven Smith,IT,Data Scientist,82253,24,2017-05-11,AMIENS,B,10%
EMP-547,charlie dubois,FINANCE,Financial Controller,81827€,14,2019-05-08,MARSEILLE,B,10%
EMP-548,frank bennett,IT,IT Manager,71066€,24,2016-10-22,TOULON,B,10%
EMP-549,ivana martin,FINANCE,Financial Controller,91863€,23,2010-01-11,NANTES,B,8%
EMP-550,Martin Martin,FINANCE,Financial Analyst,54575,2,2016-05-20,BORDEAUX,A,17%
EMP-551,ivana roy,IT,Data Scientist,57167,5,2019-10-22,TOURS,A,16%
EMP-552,OLIVER FAURE,IT,Software Engineer,77775,12,2019-04-26,MONTPELLIER,B,10%
EMP-553,Quentin Rousseau,HR,HR Assistant,44196€,1,2022-01-11,BESANCON,A,13%
EMP-554,Ivana Tremblay,ADMIN,Executive Assistant,37160,1,2015-05-20,GRENOBLE,C,5%
EMP-555,grace perrin,MARKETING,Marketing Manager,87846€,24,2013-12-14,NICE,B,9%
EMP-556,charlie rodriguez,MARKETING,Content Manager,75854€,11,2012-11-12,BESANCON,C,4%
EMP-557,ALICE MOREAU,ADMIN,Executive Assistant,71438€,10,2024-08-04,LIMOGES,A,17%
EMP-558,NATALIE WILSON,SALES,Sales Manager,63172,7,2015-02-12,paris,C,5%
EMP-559,EVELYN WHITE,HR,HR Specialist,83858€,19,2012-01-27,RENNES,A,16%
EMP-560,Kevin Wilson,FINANCE,Financial Controller,62338,6,2020-04-19,RENNES,B,7%
EMP-561,Steven Rousseau,FINANCE,Financial Analyst,67661,6,2012-06-21,paris,B,5%
EMP-562,Bob Smith,FINANCE,Financial Controller,76384,21,2018-07-17,AMIENS,A,11%
EMP-563,Laura Moreau,IT,IT Manager,40529,1,2020-03-30,CAEN,B,7%
EMP-564,alice martin,IT,Data Scientist,94766,15,2018-10-12,paris,C,5%
EMP-565,thomas bennett,SALES,Sales Manager,74427€,16,2023-01-15,DIJON,A,13%
EMP-566,Grace Gauthier,SALES,Sales Manager,68176,5,2010-09-26,ORLEANS,C,3%
EMP-567,KEVIN LEGRAND,IT,Data Scientist,93742,23,2014-05-12,MARSEILLE,B,10%
EMP-568,rachel smith,MARKETING,Content Manager,85824€,17,2024-01-11,LYON,C,5%
EMP-569,IVANA ADAMS,SALES,Sales Rep,87294€,20,2011-08-28,NANTES,B,6%
EMP-570,Evelyn Adams,ADMIN,Executive Assistant,77741,15,2016-02-01,CLERMONT-FERRAND,C,4%
EMP-571,Steven Tremblay,HR,HR Manager,90381,15,2013-01-03,NANTES,C,4%
EMP-572,ALICE WHITE,IT,DevOps Engineer,83711,13,2011-12-29,DIJON,B,10%
EMP-573,HENRY KLEIN,HR,HR Manager,35602€,0,2014-04-15,METZ,C,3%
EMP-574,alice smith,HR,HR Specialist,71918€,19,2016-05-12,paris,C,4%
EMP-575,THOMAS BENNETT,FINANCE,Financial Analyst,89853€,11,2018-11-28,CLERMONT-FERRAND,B,10%
EMP-576,oliver rousseau,IT,Data Scientist,89161,19,2023-07-29,TOULON,C,5%
EMP-577,Frank Rousseau,MARKETING,SEO Specialist,50482,2,2015-06-06,AMIENS,B,8%
EMP-578,Alice Rousseau,MARKETING,SEO Specialist,67309€,8,2014-06-23,NANTES,A,20%
EMP-579,Bob Dubois,MARKETING,Marketing Manager,75715€,15,2012-05-22,LIMOGES,B,6%
EMP-580,charlie gauthier,SALES,Sales Manager,79783,21,2024-06-16,GRENOBLE,A,19%
EMP-581,natalie wilson,MARKETING,SEO Specialist,61916€,8,2023-09-18,TOULON,C,5%
EMP-582,bob adams,IT,DevOps Engineer,59624€,5,2022-03-05,TOURS,C,4%
EMP-583,Steven Smith,R&D,Research Scientist,78920€,17,2021-07-20,LILLE,C,3%
EMP-584,FRANK MOREAU,MARKETING,SEO Specialist,88863€,10,2017-09-29,ANGERS,B,8%
EMP-585,kevin rousseau,R&D,ML Engineer,38107,1,2017-03-14,TOURS,A,11%
EMP-586,Henry Leroy,ADMIN,Executive Assistant,73442€,10,2015-05-05,AMIENS,B,5%
EMP-587,rachel wilson,SALES,Sales Manager,94824,25,2016-02-22,CAEN,A,13%
EMP-588,bob dupont,MARKETING,Marketing Manager,91170€,11,2020-09-16,RENNES,A,15%
EMP-589,THOMAS SMITH,IT,Data Scientist,64781,7,2015-09-15,TOURS,A,12%
EMP-590,RACHEL DUBOIS,MARKETING,SEO Specialist,36137,1,2020-04-28,ORLEANS,B,8%
EMP-591,Rachel Smith,IT,Software Engineer,66038€,6,2011-06-12,NANTES,A,19%
EMP-592,alice white,MARKETING,Content Manager,37503,1,2024-12-20,BORDEAUX,A,15%
EMP-593,IVANA RODRIGUEZ,FINANCE,Financial Controller,76259€,10,2019-02-11,paris,A,18%
EMP-594,kevin wilson,SALES,Sales Manager,84523€,18,2010-01-29,paris,C,3%
EMP-595,henry rousseau,MARKETING,Content Manager,67337,9,2022-12-26,TOULOUSE,B,8%
EMP-596,Steven Perrin,HR,HR Specialist,37649€,1,2023-06-01,TOURS,C,5%
EMP-597,OLIVER WHITE,R&D,ML Engineer,79581€,12,2018-09-06,DIJON,A,14%
EMP-598,jack roy,HR,HR Assistant,63718,6,2024-05-07,NANTES,C,5%
EMP-599,THOMAS ROY,HR,HR Manager,94965€,13,2010-09-29,METZ,B,6%
EMP-600,Laura Wilson,ADMIN,Executive Assistant,73002,18,2011-05-02,NANTES,B,10%
EMP-601,RACHEL GAUTHIER,FINANCE,Financial Analyst,75085,22,2019-06-09,TOURS,B,10%
EMP-602,OLIVER MARTIN,SALES,Sales Director,66440,9,2013-07-06,LE MANS,B,10%
EMP-603,RACHEL KLEIN,IT,Data Analyst,84786,20,2015-09-24,TOURS,A,11%
EMP-604,DIANA BENNETT,ADMIN,Executive Assistant,55820€,8,2022-04-26,LILLE,B,9%
EMP-605,EVELYN MOREAU,HR,HR Specialist,45173€,3,2018-03-15,LIMOGES,A,20%
EMP-606,DIANA MOREAU,IT,DevOps Engineer,83349€,14,2017-11-11,ANGERS,A,17%
EMP-607,steven petrov,R&D,ML Engineer,78899,12,2012-02-21,BESANCON,B,9%
EMP-608,alice faure,MARKETING,Content Manager,70709,16,2010-09-30,paris,A,12%
EMP-609,thomas rousseau,HR,HR Manager,55620€,8,2017-10-05,ORLEANS,A,20%
EMP-610,natalie white,MARKETING,Marketing Manager,85994€,25,2019-12-25,METZ,B,10%
EMP-611,diana tremblay,HR,HR Assistant,36946€,0,2014-08-13,STRASBOURG,C,4%
EMP-612,steven rousseau,ADMIN,Executive Assistant,87168€,11,2016-06-20,RENNES,B,8%
EMP-613,JACK ROY,IT,DevOps Engineer,88829,15,2017-09-25,BORDEAUX,B,8%
EMP-614,charlie rousseau,FINANCE,Financial Controller,50926,4,2012-08-27,GRENOBLE,B,9%
EMP-615,Jack Perrin,SALES,Sales Director,53935€,3,2012-03-27,STRASBOURG,A,10%
EMP-616,Charlie Adams,SALES,Sales Director,83276€,10,2016-04-18,BORDEAUX,B,7%
EMP-617,Evelyn Legrand,FINANCE,Financial Analyst,87675,11,2021-11-01,BESANCON,A,17%
EMP-618,Rachel White,IT,IT Manager,39303,0,2015-01-27,GRENOBLE,B,8%
EMP-619,Thomas Dupont,ADMIN,Executive Assistant,86645,25,2023-03-19,STRASBOURG,B,9%
EMP-620,Evelyn Gauthier,ADMIN,Executive Assistant,61537€,6,2017-01-24,BESANCON,C,3%
EMP-621,KEVIN KLEIN,HR,HR Assistant,41593€,1,2012-07-08,ANGERS,B,7%
EMP-622,BOB ADAMS,MARKETING,Marketing Manager,68621,8,2021-11-22,AMIENS,B,9%
EMP-623,martin legrand,FINANCE,Financial Controller,86730,25,2015-06-03,LE MANS,A,11%
EMP-624,alice moreau,MARKETING,Marketing Manager,89511,25,2022-06-22,ORLEANS,B,8%
EMP-625,Quentin Dubois,R&D,ML Engineer,71127€,10,2020-01-14,TOULON,B,7%
EMP-626,LAURA MARTIN,MARKETING,Content Manager,76035€,16,2012-12-01,ORLEANS,A,10%
EMP-627,EVELYN FAURE,IT,Software Engineer,79171€,19,2023-05-27,MARSEILLE,C,3%
EMP-628,JACK KLEIN,ADMIN,Executive Assistant,92799€,16,2018-08-17,BORDEAUX,B,6%
EMP-629,evelyn leroy,R&D,Research Scientist,44432€,0,2011-11-17,NANTES,A,16%
EMP-630,Charlie Gauthier,SALES,Sales Director,70863€,18,2024-06-15,BESANCON,C,4%
EMP-631,QUENTIN RODRIGUEZ,HR,HR Manager,57536€,9,2022-12-18,LIMOGES,B,10%
EMP-632,Laura Legrand,MARKETING,SEO Specialist,88255€,12,2013-11-09,MARSEILLE,C,3%
EMP-633,grace moreau,MARKETING,Content Manager,78247,11,2024-07-14,STRASBOURG,B,9%
EMP-634,OLIVER ROUSSEAU,ADMIN,Executive Assistant,49626€,3,2024-03-26,TOULOUSE,B,5%
EMP-635,quentin white,IT,IT Manager,76959,13,2015-11-05,RENNES,B,10%
EMP-636,Alice Dupont,IT,Software Engineer,83628,14,2010-12-26,NICE,B,7%
EMP-637,Thomas Smith,ADMIN,Executive Assistant,92279,20,2024-01-03,CAEN,A,13%
EMP-638,Alice Tremblay,SALES,Sales Director,74576,24,2015-10-19,LILLE,C,5%
EMP-639,ivana faure,SALES,Sales Director,90634,18,2016-06-03,CLERMONT-FERRAND,B,7%
EMP-640,QUENTIN PETROV,R&D,ML Engineer,44311€,0,2012-11-10,RENNES,B,9%
EMP-641,MARTIN TREMBLAY,HR,HR Specialist,41894,0,2010-11-19,RENNES,B,10%
EMP-642,IVANA RODRIGUEZ,HR,HR Manager,45325,3,2016-06-25,LYON,C,3%
EMP-643,MARTIN TREMBLAY,ADMIN,Executive Assistant,77333,10,2017-11-10,paris,A,13%
EMP-644,Martin Gauthier,HR,HR Specialist,53187,3,2017-05-01,CAEN,C,3%
EMP-645,quentin smith,R&D,Research Scientist,74842,15,2010-11-25,BESANCON,C,3%
EMP-646,Rachel Bennett,ADMIN,Executive Assistant,69057€,5,2014-05-27,NICE,B,7%
EMP-647,MARTIN PERRIN,R&D,ML Engineer,94004,25,2014-07-29,NICE,B,10%
EMP-648,Evelyn Perrin,MARKETING,SEO Specialist,87127,16,2014-03-07,LE MANS,B,6%
EMP-649,Bob Rousseau,R&D,Research Scientist,81141,17,2018-10-13,TOULON,B,10%
EMP-650,kevin martin,IT,Data Scientist,71919,18,2017-09-04,ANGERS,B,5%
EMP-651,patricia dupont,HR,HR Specialist,84495€,21,2012-07-24,BESANCON,A,18%
EMP-652,Evelyn Petrov,FINANCE,Financial Controller,55399€,6,2013-11-12,paris,B,5%
EMP-653,Martin Dubois,ADMIN,Executive Assistant,74904€,13,2012-03-22,RENNES,C,3%
EMP-654,laura gauthier,ADMIN,Executive Assistant,40747,1,2024-01-21,LIMOGES,B,5%
EMP-655,Laura Roy,R&D,ML Engineer,60903€,8,2016-11-21,DIJON,B,10%
EMP-656,DIANA MOREAU,MARKETING,SEO Specialist,84061,14,2022-03-16,BORDEAUX,A,12%
EMP-657,Rachel Gauthier,SALES,Sales Director,86261€,11,2013-07-19,BORDEAUX,B,5%
EMP-658,Henry Martin,IT,IT Manager,59553,9,2018-07-10,CLERMONT-FERRAND,B,10%
EMP-659,laura leroy,R&D,Research Scientist,91090€,22,2020-04-28,NANTES,A,20%
EMP-660,STEVEN FAURE,FINANCE,Financial Controller,62623€,7,2024-05-12,CLERMONT-FERRAND,B,5%
EMP-661,patricia adams,R&D,ML Engineer,48793€,4,2017-11-25,STRASBOURG,B,6%
EMP-662,Natalie Gauthier,MARKETING,Marketing Manager,52340€,3,2021-04-09,MARSEILLE,A,14%
EMP-663,Natalie Bennett,SALES,Sales Rep,64541€,9,2024-10-19,LE MANS,A,17%
EMP-664,thomas roy,FINANCE,Financial Analyst,41235€,1,2019-08-15,ORLEANS,B,6%
EMP-665,BOB SMITH,FINANCE,Financial Analyst,89688,17,2011-06-05,METZ,B,8%
EMP-666,Quentin Bennett,FINANCE,Financial Controller,57682€,7,2021-02-11,ORLEANS,B,5%
EMP-667,PATRICIA KLEIN,R&D,ML Engineer,83657€,11,2017-12-09,STRASBOURG,B,10%
EMP-668,Thomas Adams,FINANCE,Financial Analyst,62648,9,2023-02-10,BESANCON,C,3%
EMP-669,Grace Gauthier,HR,HR Assistant,66624,6,2011-12-28,RENNES,C,5%
EMP-670,BOB SMITH,FINANCE,Financial Controller,84139€,12,2011-12-11,NANTES,A,12%
EMP-671,evelyn white,MARKETING,Marketing Manager,78657,24,2013-02-02,MARSEILLE,C,4%
EMP-672,MARTIN MARTIN,R&D,ML Engineer,38779,0,2019-02-07,CAEN,A,14%
EMP-673,STEVEN TREMBLAY,MARKETING,Content Manager,70531€,23,2012-11-25,NANTES,B,5%
EMP-674,jack petrov,SALES,Sales Manager,85956€,19,2020-05-19,paris,B,8%
EMP-675,steven roy,HR,HR Specialist,35934,1,2020-12-13,TOULOUSE,B,10%
EMP-676,Diana Leroy,FINANCE,Financial Analyst,90818,23,2013-09-25,LILLE,A,11%
EMP-677,jack white,IT,IT Manager,77832€,17,2011-06-27,TOULOUSE,B,5%
EMP-678,kevin petrov,MARKETING,Content Manager,90108€,13,2021-12-14,paris,C,3%
EMP-679,alice moreau,ADMIN,Executive Assistant,38691,0,2014-09-24,paris,B,9%
EMP-680,IVANA WILSON,SALES,Sales Director,67823€,7,2021-03-03,BORDEAUX,C,4%
EMP-681,Patricia White,ADMIN,Executive Assistant,66517,5,2019-11-18,DIJON,A,20%
EMP-682,steven dupont,ADMIN,Executive Assistant,79714,13,2020-09-01,ANGERS,A,18%
EMP-683,Charlie Rousseau,HR,HR Manager,49063€,2,2011-09-18,LILLE,B,10%
EMP-684,Charlie Martin,R&D,ML Engineer,75816,25,2010-01-05,CAEN,B,10%
EMP-685,OLIVER ADAMS,SALES,Sales Rep,71811€,14,2010-09-22,MONTPELLIER,B,6%
EMP-686,Quentin White,FINANCE,Financial Controller,70029,11,2016-12-05,TOULON,B,6%
EMP-687,Jack Rodriguez,IT,Data Scientist,77515€,20,2014-05-12,NANTES,A,20%
EMP-688,RACHEL ROUSSEAU,ADMIN,Executive Assistant,91327,21,2022-12-30,DIJON,B,5%
EMP-689,henry roy,SALES,Sales Director,85498€,18,2011-04-23,METZ,C,3%
EMP-690,MARTIN FAURE,R&D,ML Engineer,88972,16,2013-02-23,CLERMONT-FERRAND,B,8%
EMP-691,KEVIN SMITH,SALES,Sales Rep,83648€,14,2014-09-22,NANTES,C,3%
EMP-692,OLIVER WHITE,HR,HR Assistant,45556,2,2017-11-30,LIMOGES,B,9%
EMP-693,Natalie Legrand,R&D,Research Scientist,88345€,25,2024-04-27,NANTES,A,12%
EMP-694,evelyn roy,HR,HR Manager,43805,1,2017-06-20,CLERMONT-FERRAND,A,10%
EMP-695,patricia petrov,ADMIN,Executive Assistant,73672€,16,2011-01-16,LE MANS,B,8%
EMP-696,Natalie Roy,ADMIN,Executive Assistant,91000,10,2010-04-04,RENNES,B,6%
EMP-697,grace moreau,FINANCE,Financial Analyst,86490€,20,2020-01-29,STRASBOURG,A,20%
EMP-698,THOMAS BENNETT,R&D,ML Engineer,53935€,2,2020-12-23,GRENOBLE,C,4%
EMP-699,alice dupont,SALES,Sales Director,51600€,4,2022-01-09,TOULOUSE,B,6%
EMP-700,Evelyn Roy,HR,HR Specialist,94454€,13,2022-01-01,LIMOGES,B,7%
EMP-701,diana adams,SALES,Sales Manager,83165€,13,2022-09-14,METZ,A,19%
EMP-702,steven legrand,HR,HR Specialist,77232,10,2022-06-22,MARSEILLE,C,5%
EMP-703,ALICE MARTIN,SALES,Sales Manager,94971€,17,2010-03-19,ANGERS,A,13%
EMP-704,STEVEN ROUSSEAU,HR,HR Specialist,83469€,17,2023-04-12,NICE,B,9%
EMP-705,ivana petrov,FINANCE,Financial Controller,75442€,18,2021-02-10,MARSEILLE,A,13%
EMP-706,bob white,ADMIN,Executive Assistant,74314,17,2010-06-22,NANTES,C,3%
EMP-707,Evelyn Gauthier,IT,IT Manager,93559€,20,2010-03-27,ANGERS,A,10%
EMP-708,Grace Adams,ADMIN,Executive Assistant,92781,15,2018-10-20,BORDEAUX,C,4%
EMP-709,Grace White,SALES,Sales Manager,66289€,9,2023-01-08,MONTPELLIER,B,7%
EMP-710,STEVEN ADAMS,ADMIN,Executive Assistant,86390€,17,2016-06-26,CLERMONT-FERRAND,B,5%
EMP-711,Laura Dupont,HR,HR Manager,91706€,18,2016-09-16,NICE,A,17%
EMP-712,STEVEN WILSON,SALES,Sales Manager,86800,25,2013-03-10,MARSEILLE,C,5%
EMP-713,Thomas White,HR,HR Manager,78551,22,2020-01-03,MONTPELLIER,A,11%
EMP-714,HENRY MARTIN,HR,HR Specialist,89913€,12,2024-11-16,TOULOUSE,C,5%
EMP-715,rachel bennett,HR,HR Manager,90279€,22,2023-12-31,paris,B,6%
EMP-716,NATALIE BENNETT,R&D,Research Scientist,59477,9,2016-04-14,MONTPELLIER,C,5%
EMP-717,JACK PERRIN,R&D,ML Engineer,46677€,4,2016-05-08,CAEN,B,5%
EMP-718,Natalie Perrin,R&D,ML Engineer,60987,8,2018-08-15,TOURS,A,11%
EMP-719,grace perrin,ADMIN,Executive Assistant,87513,11,2022-03-21,CLERMONT-FERRAND,B,8%
EMP-720,bob tremblay,IT,Software Engineer,66214,7,2013-05-12,GRENOBLE,A,15%
EMP-721,martin dupont,IT,Data Analyst,66347,7,2018-02-19,LE MANS,B,7%
EMP-722,Charlie Gauthier,ADMIN,Executive Assistant,85375€,19,2012-09-30,MARSEILLE,A,12%
EMP-723,JACK DUPONT,R&D,ML Engineer,68848,8,2010-08-08,paris,B,5%
EMP-724,BOB LEGRAND,SALES,Sales Rep,60399,8,2016-04-09,RENNES,A,14%
EMP-725,NATALIE ROUSSEAU,ADMIN,Executive Assistant,54647€,2,2014-01-22,paris,A,11%
EMP-726,Laura Perrin,FINANCE,Financial Analyst,89513€,11,2012-08-04,CLERMONT-FERRAND,A,20%
EMP-727,Frank Dupont,IT,DevOps Engineer,54628€,4,2017-01-04,LILLE,A,20%
EMP-728,IVANA SMITH,R&D,ML Engineer,81381€,21,2015-07-04,AMIENS,A,18%
EMP-729,Henry Petrov,HR,HR Manager,71498€,13,2016-11-13,TOURS,A,12%
EMP-730,henry moreau,IT,IT Manager,71315€,15,2021-05-12,CLERMONT-FERRAND,C,3%
EMP-731,oliver roy,SALES,Sales Rep,60232€,8,2016-03-28,BORDEAUX,B,10%
EMP-732,patricia rousseau,FINANCE,Financial Analyst,81664,13,2017-01-26,TOULOUSE,B,10%
EMP-733,grace adams,FINANCE,Financial Controller,75733,12,2010-05-02,LYON,B,7%
EMP-734,OLIVER LEGRAND,SALES,Sales Director,65093,8,2011-04-05,TOULON,A,15%
EMP-735,Natalie Roy,MARKETING,Content Manager,46421€,3,2013-08-29,LE MANS,C,5%
EMP-736,steven faure,R&D,Research Scientist,74963€,17,2010-05-29,GRENOBLE,A,18%
EMP-737,Quentin Leroy,FINANCE,Financial Controller,60694,8,2016-04-06,paris,B,8%
EMP-738,Laura Wilson,IT,Data Scientist,87060,14,2016-07-21,GRENOBLE,B,7%
EMP-739,Laura Perrin,IT,DevOps Engineer,82335,10,2018-01-10,NANTES,B,10%
EMP-740,Henry Tremblay,HR,HR Specialist,81129€,24,2017-05-14,CLERMONT-FERRAND,B,9%
EMP-741,Charlie Petrov,MARKETING,Marketing Manager,71582€,19,2023-08-31,GRENOBLE,A,11%
EMP-742,natalie white,FINANCE,Financial Analyst,70632,19,2022-02-13,TOULON,B,7%
EMP-743,Laura Tremblay,HR,HR Specialist,81202€,21,2011-04-07,NICE,C,4%
EMP-744,RACHEL ROY,R&D,Research Scientist,71380€,19,2022-03-07,TOULON,A,18%
EMP-745,Evelyn Martin,HR,HR Assistant,36220,1,2023-04-16,BESANCON,B,9%
EMP-746,Evelyn Faure,IT,IT Manager,43523,1,2024-12-26,CAEN,A,19%
EMP-747,Grace Rousseau,ADMIN,Executive Assistant,65985€,8,2018-06-13,CLERMONT-FERRAND,A,19%
EMP-748,STEVEN ROY,ADMIN,Executive Assistant,71833,23,2023-12-11,CAEN,C,3%
EMP-749,laura tremblay,FINANCE,Financial Analyst,90038,20,2013-09-30,BESANCON,A,16%
EMP-750,BOB MOREAU,R&D,ML Engineer,89121,21,2023-11-28,CLERMONT-FERRAND,B,6%
EMP-751,Jack Legrand,MARKETING,Content Manager,73193€,12,2023-01-09,ANGERS,C,4%
EMP-752,patricia tremblay,IT,IT Manager,82527€,22,2011-11-14,LE MANS,A,16%
EMP-753,Martin Rousseau,SALES,Sales Director,83073€,14,2020-06-19,METZ,B,5%
EMP-754,Martin Dupont,MARKETING,SEO Specialist,77650€,14,2011-01-20,paris,A,14%
EMP-755,EVELYN WHITE,IT,IT Manager,77966€,19,2024-01-03,TOULOUSE,B,8%
EMP-756,Charlie Petrov,IT,Data Analyst,60850€,8,2022-12-16,AMIENS,B,6%
EMP-757,Bob Legrand,FINANCE,Financial Controller,46514€,2,2013-07-06,CAEN,B,9%
EMP-758,NATALIE KLEIN,IT,IT Manager,92140€,17,2021-03-03,MARSEILLE,A,17%
EMP-759,LAURA PERRIN,HR,HR Manager,90664€,19,2013-09-11,BESANCON,B,8%
EMP-760,Thomas Klein,MARKETING,SEO Specialist,55378€,5,2022-09-09,LILLE,C,3%
EMP-761,THOMAS LEGRAND,ADMIN,Executive Assistant,72346€,16,2012-01-05,MARSEILLE,A,13%
EMP-762,kevin dupont,FINANCE,Financial Controller,57809€,9,2016-01-09,NANTES,B,10%
EMP-763,OLIVER ROUSSEAU,SALES,Sales Director,93988,12,2011-04-23,TOURS,B,8%
EMP-764,Laura Bennett,ADMIN,Executive Assistant,61088,7,2016-11-27,NANTES,A,13%
EMP-765,Ivana Adams,FINANCE,Financial Controller,36644,1,2021-11-24,MONTPELLIER,A,12%
EMP-766,natalie klein,FINANCE,Financial Controller,50436,2,2020-01-29,paris,B,7%
EMP-767,oliver dupont,HR,HR Assistant,69760,6,2013-01-15,CAEN,B,9%
EMP-768,Steven Rodriguez,R&D,Research Scientist,66446,5,2019-07-09,AMIENS,B,9%
EMP-769,Charlie Rodriguez,MARKETING,Content Manager,79681€,13,2011-09-28,LILLE,C,4%
EMP-770,KEVIN WHITE,HR,HR Manager,70206€,11,2019-11-27,LE MANS,A,13%
EMP-771,diana dupont,FINANCE,Financial Controller,51580,3,2014-03-13,ANGERS,B,9%
EMP-772,bob klein,IT,DevOps Engineer,63214€,5,2010-07-13,CAEN,A,15%
EMP-773,patricia dupont,R&D,ML Engineer,54799€,3,2020-11-24,AMIENS,B,8%
EMP-774,CHARLIE ROUSSEAU,HR,HR Manager,73235,10,2020-03-27,NICE,A,14%
EMP-775,Henry Rodriguez,ADMIN,Executive Assistant,88901€,22,2021-01-15,DIJON,A,19%
EMP-776,quentin faure,R&D,ML Engineer,91254€,21,2024-02-04,METZ,A,10%
EMP-777,Martin Smith,FINANCE,Financial Analyst,66246€,7,2019-01-18,MONTPELLIER,B,8%
EMP-778,Frank Rodriguez,FINANCE,Financial Controller,79493€,14,2010-08-14,GRENOBLE,B,5%
EMP-779,ALICE ADAMS,MARKETING,Marketing Manager,60111,6,2011-10-29,TOURS,C,3%
EMP-780,Kevin Legrand,ADMIN,Executive Assistant,81945€,14,2017-06-16,CAEN,A,17%
EMP-781,FRANK WHITE,FINANCE,Financial Controller,79011€,16,2010-07-09,MARSEILLE,B,6%
EMP-782,KEVIN FAURE,IT,DevOps Engineer,88052€,21,2017-10-24,NICE,C,3%
EMP-783,Frank Klein,MARKETING,Content Manager,88616,23,2024-08-16,NICE,A,10%
EMP-784,evelyn white,IT,Software Engineer,49711,4,2016-02-26,BESANCON,B,5%
EMP-785,Ivana Moreau,FINANCE,Financial Analyst,58247,9,2024-12-25,LIMOGES,C,4%
EMP-786,Henry Legrand,HR,HR Specialist,35711,0,2010-11-29,NICE,B,9%
EMP-787,Bob Tremblay,IT,Software Engineer,80710€,17,2022-08-31,LILLE,A,18%
EMP-788,Oliver White,HR,HR Manager,41739,0,2014-08-23,METZ,B,8%
EMP-789,Laura Petrov,IT,Data Scientist,94903,24,2024-09-12,MARSEILLE,B,6%
EMP-790,THOMAS LEROY,R&D,ML Engineer,71530€,11,2024-04-06,LIMOGES,C,3%
EMP-791,PATRICIA SMITH,ADMIN,Executive Assistant,74215€,10,2019-07-14,DIJON,B,9%
EMP-792,Quentin Perrin,FINANCE,Financial Controller,60882,5,2020-06-07,TOULON,A,11%
EMP-793,Frank Klein,SALES,Sales Director,83956,11,2017-01-15,ANGERS,B,5%
EMP-794,diana legrand,R&D,Research Scientist,77144€,16,2021-08-18,CAEN,B,10%
EMP-795,patricia smith,ADMIN,Executive Assistant,77753€,13,2023-08-11,TOULOUSE,B,7%
EMP-796,IVANA DUBOIS,FINANCE,Financial Controller,42145€,1,2023-10-20,BESANCON,B,9%
EMP-797,MARTIN LEGRAND,R&D,Research Scientist,47215€,2,2018-07-19,LILLE,C,5%
EMP-798,Kevin Tremblay,MARKETING,SEO Specialist,77532,11,2017-03-12,paris,B,8%
EMP-799,Grace Moreau,FINANCE,Financial Analyst,59263,6,2022-01-31,DIJON,B,10%
EMP-800,grace adams,R&D,Research Scientist,94230€,25,2023-08-12,BORDEAUX,B,6%
EMP-801,thomas tremblay,HR,HR Specialist,73877,12,2010-04-25,TOULON,B,6%
EMP-802,Henry Legrand,R&D,ML Engineer,75356€,10,2016-10-24,DIJON,B,7%
EMP-803,Steven Martin,HR,HR Specialist,93227€,22,2015-04-16,paris,C,4%
EMP-804,Natalie Dubois,HR,HR Assistant,77825,14,2016-04-06,GRENOBLE,C,3%
EMP-805,QUENTIN PERRIN,IT,Data Scientist,88126€,25,2017-09-04,MONTPELLIER,B,9%
EMP-806,Frank Martin,FINANCE,Financial Controller,66589€,9,2023-05-24,TOURS,B,5%
EMP-807,laura dupont,FINANCE,Financial Analyst,73898€,18,2019-01-19,LILLE,B,10%
EMP-808,ivana moreau,FINANCE,Financial Controller,85960,21,2022-11-24,NICE,B,6%
EMP-809,Oliver Gauthier,R&D,ML Engineer,37646€,0,2019-10-21,MARSEILLE,B,8%
EMP-810,CHARLIE RODRIGUEZ,HR,HR Assistant,88855€,13,2021-06-11,METZ,C,4%
EMP-811,quentin dupont,FINANCE,Financial Analyst,90660,23,2023-04-04,LE MANS,B,5%
EMP-812,Laura Klein,HR,HR Assistant,77535€,11,2014-03-04,DIJON,A,17%
EMP-813,Thomas Adams,ADMIN,Executive Assistant,92709€,18,2015-12-12,NICE,C,5%
EMP-814,Martin Tremblay,HR,HR Assistant,70591,22,2016-02-11,BORDEAUX,B,5%
EMP-815,natalie martin,ADMIN,Executive Assistant,94869,13,2017-05-13,BESANCON,C,3%
EMP-816,Henry Roy,IT,IT Manager,71090,13,2020-11-07,paris,A,19%
EMP-817,ALICE SMITH,MARKETING,Content Manager,94081,13,2015-01-10,NICE,B,5%
EMP-818,EVELYN DUPONT,MARKETING,SEO Specialist,69662,8,2015-09-06,CAEN,B,7%
EMP-819,ivana bennett,ADMIN,Executive Assistant,92563,17,2018-11-23,NICE,B,9%
EMP-820,GRACE WILSON,SALES,Sales Rep,74397€,25,2017-07-09,CLERMONT-FERRAND,B,7%
EMP-821,Henry Adams,ADMIN,Executive Assistant,89246€,19,2016-03-02,STRASBOURG,C,3%
EMP-822,Grace Moreau,HR,HR Assistant,82421€,20,2014-09-28,paris,A,16%
EMP-823,Ivana Faure,HR,HR Specialist,83010,15,2013-11-03,CLERMONT-FERRAND,A,15%
EMP-824,natalie wilson,MARKETING,SEO Specialist,80936€,22,2024-09-02,CLERMONT-FERRAND,C,5%
EMP-825,Thomas Petrov,IT,DevOps Engineer,65019€,5,2022-06-01,ANGERS,B,5%
EMP-826,kevin faure,ADMIN,Executive Assistant,82534€,17,2022-09-23,NANTES,B,8%
EMP-827,THOMAS LEGRAND,FINANCE,Financial Analyst,86457€,19,2011-04-14,BESANCON,A,14%
EMP-828,Laura Smith,SALES,Sales Manager,89027,23,2016-12-12,MONTPELLIER,B,8%
EMP-829,steven klein,SALES,Sales Rep,46705,2,2010-09-22,LIMOGES,B,6%
EMP-830,Frank Leroy,MARKETING,Marketing Manager,60362€,8,2021-12-30,TOULON,A,14%
EMP-831,Oliver Perrin,ADMIN,Executive Assistant,89141€,15,2021-03-01,TOURS,B,10%
EMP-832,Frank Perrin,IT,Data Analyst,87923,24,2012-07-03,ORLEANS,A,11%
EMP-833,FRANK MOREAU,FINANCE,Financial Analyst,78760€,15,2015-04-29,LE MANS,A,13%
EMP-834,patricia roy,SALES,Sales Manager,63618€,9,2011-01-24,TOULOUSE,B,5%
EMP-835,THOMAS ROUSSEAU,SALES,Sales Director,80331,16,2016-09-01,TOULOUSE,B,5%
EMP-836,KEVIN PETROV,FINANCE,Financial Controller,82726€,10,2011-03-31,TOULOUSE,B,8%
EMP-837,PATRICIA ADAMS,R&D,Research Scientist,86254€,22,2018-05-11,METZ,A,14%
EMP-838,KEVIN ROUSSEAU,HR,HR Manager,74588,24,2021-01-13,paris,A,13%
EMP-839,quentin leroy,SALES,Sales Director,79831€,22,2022-10-27,LE MANS,A,15%
EMP-840,PATRICIA GAUTHIER,IT,Data Scientist,92441,25,2017-10-17,GRENOBLE,B,6%
EMP-841,quentin leroy,SALES,Sales Director,53119€,4,2022-09-13,CAEN,B,8%
EMP-842,Thomas Dupont,HR,HR Assistant,55534€,8,2018-11-22,MARSEILLE,A,14%
EMP-843,Natalie Gauthier,MARKETING,SEO Specialist,89688€,12,2017-09-11,MONTPELLIER,B,9%
EMP-844,PATRICIA ROY,SALES,Sales Director,91094,22,2012-08-05,LILLE,B,5%
EMP-845,evelyn rodriguez,SALES,Sales Manager,79634€,22,2014-06-30,DIJON,A,19%
EMP-846,QUENTIN DUPONT,FINANCE,Financial Analyst,45673€,2,2021-01-18,TOULON,B,6%
EMP-847,Grace Adams,ADMIN,Executive Assistant,74110€,22,2020-03-12,LE MANS,B,6%
EMP-848,Ivana Bennett,MARKETING,Content Manager,64763,9,2021-10-06,CAEN,C,3%
EMP-849,Martin Dupont,FINANCE,Financial Analyst,62869€,8,2020-07-17,AMIENS,A,11%
EMP-850,quentin wilson,HR,HR Manager,54196€,2,2018-01-01,ANGERS,C,3%
EMP-851,EVELYN MOREAU,HR,HR Manager,74085€,11,2020-12-07,MARSEILLE,C,5%
EMP-852,QUENTIN ROY,ADMIN,Executive Assistant,38806€,0,2011-06-03,CLERMONT-FERRAND,B,7%
EMP-853,grace wilson,FINANCE,Financial Controller,81040€,13,2012-07-15,LILLE,C,3%
EMP-854,bob perrin,MARKETING,SEO Specialist,45000,0,2011-07-12,LILLE,A,16%
EMP-855,Jack Leroy,ADMIN,Executive Assistant,75817€,22,2015-04-17,STRASBOURG,B,8%
EMP-856,bob rousseau,ADMIN,Executive Assistant,87398,23,2020-08-17,DIJON,C,5%
EMP-857,Evelyn Adams,FINANCE,Financial Controller,79067€,19,2010-12-05,AMIENS,C,5%
EMP-858,Jack Adams,SALES,Sales Director,82744,10,2010-03-01,LYON,B,8%
EMP-859,evelyn wilson,R&D,Research Scientist,77268€,16,2017-08-11,MARSEILLE,C,3%
EMP-860,ALICE GAUTHIER,SALES,Sales Manager,85822€,13,2017-11-07,LILLE,B,10%
EMP-861,KEVIN SMITH,IT,Data Analyst,91832,22,2019-04-17,NANTES,A,13%
EMP-862,Oliver Roy,MARKETING,Marketing Manager,88986€,25,2024-08-11,GRENOBLE,B,9%
EMP-863,Evelyn Roy,R&D,Research Scientist,94292€,18,2014-06-08,GRENOBLE,A,10%
EMP-864,EVELYN DUBOIS,ADMIN,Executive Assistant,55698,8,2015-10-21,RENNES,B,10%
EMP-865,charlie dubois,R&D,Research Scientist,86832,18,2017-02-19,NANTES,B,8%
EMP-866,LAURA DUBOIS,HR,HR Specialist,36265,1,2018-10-07,DIJON,A,18%
EMP-867,Jack Faure,SALES,Sales Director,53082€,4,2017-07-27,BESANCON,B,6%
EMP-868,henry tremblay,HR,HR Assistant,84446,13,2013-06-21,LYON,B,7%
EMP-869,evelyn perrin,HR,HR Manager,54117,2,2017-10-14,paris,C,5%
EMP-870,OLIVER DUBOIS,R&D,ML Engineer,87970,10,2020-07-23,NANTES,B,7%
EMP-871,Diana Moreau,SALES,Sales Rep,56006,7,2017-06-25,STRASBOURG,B,6%
EMP-872,FRANK KLEIN,FINANCE,Financial Controller,79061,12,2024-08-26,NICE,C,4%
EMP-873,bob wilson,MARKETING,Content Manager,88121,23,2015-04-01,LILLE,A,12%
EMP-874,Thomas Bennett,R&D,Research Scientist,80663€,11,2019-11-06,NANTES,C,3%
EMP-875,Alice Rousseau,ADMIN,Executive Assistant,93779,16,2013-08-08,LYON,A,18%
EMP-876,MARTIN MARTIN,FINANCE,Financial Controller,85377€,17,2018-04-06,GRENOBLE,B,5%
EMP-877,HENRY PERRIN,FINANCE,Financial Controller,65307€,6,2014-05-28,LYON,B,9%
EMP-878,PATRICIA ROY,IT,DevOps Engineer,84833,18,2020-05-28,TOURS,B,9%
EMP-879,Ivana Moreau,MARKETING,SEO Specialist,93302,15,2014-07-15,LYON,B,8%
EMP-880,laura perrin,HR,HR Assistant,93372,10,2023-10-12,RENNES,A,18%
EMP-881,BOB LEGRAND,IT,Data Analyst,84831,21,2011-10-10,TOULOUSE,B,9%
EMP-882,DIANA MOREAU,R&D,Research Scientist,45424,4,2011-02-27,TOULON,C,5%
EMP-883,Quentin Klein,R&D,ML Engineer,65430€,6,2012-05-07,GRENOBLE,B,10%
EMP-884,Steven Martin,SALES,Sales Director,52728€,4,2014-08-09,LIMOGES,C,5%
EMP-885,PATRICIA BENNETT,HR,HR Specialist,44930,1,2022-08-26,STRASBOURG,A,14%
EMP-886,QUENTIN FAURE,FINANCE,Financial Analyst,39266€,1,2014-10-29,BORDEAUX,C,3%
EMP-887,NATALIE ROUSSEAU,SALES,Sales Rep,72937€,12,2021-12-29,BESANCON,A,10%
EMP-888,Charlie Smith,ADMIN,Executive Assistant,70885€,12,2014-11-15,LILLE,B,9%
EMP-889,JACK RODRIGUEZ,IT,Data Analyst,79737€,13,2017-09-26,MARSEILLE,B,6%
EMP-890,Patricia Perrin,IT,Data Analyst,52525,3,2012-09-03,LIMOGES,B,5%
EMP-891,JACK WILSON,MARKETING,Marketing Manager,83766€,12,2011-09-24,LIMOGES,B,6%
EMP-892,STEVEN PETROV,HR,HR Manager,65927€,6,2022-07-12,TOULOUSE,B,9%
EMP-893,henry moreau,IT,Data Analyst,84062€,22,2024-05-10,ORLEANS,B,10%
EMP-894,quentin faure,MARKETING,Marketing Manager,75574€,25,2019-09-12,LIMOGES,B,10%
EMP-895,evelyn dupont,SALES,Sales Rep,82910,12,2013-12-20,BORDEAUX,A,10%
EMP-896,kevin dubois,MARKETING,Marketing Manager,78397,25,2016-08-08,METZ,A,20%
EMP-897,Laura Dupont,HR,HR Assistant,72324€,24,2021-10-25,LIMOGES,C,5%
EMP-898,patricia leroy,IT,Software Engineer,89455,13,2024-04-27,NANTES,A,16%
EMP-899,Charlie Petrov,ADMIN,Executive Assistant,54514,2,2019-07-24,paris,B,7%
EMP-900,MARTIN ROUSSEAU,HR,HR Assistant,76830,15,2022-03-19,LIMOGES,B,5%
EMP-901,Frank Smith,MARKETING,SEO Specialist,84713€,16,2021-07-25,TOULOUSE,B,6%
EMP-902,bob bennett,FINANCE,Financial Controller,85543€,23,2021-05-08,ANGERS,A,18%
EMP-903,Ivana Dupont,ADMIN,Executive Assistant,91258,11,2019-04-14,LILLE,B,8%
EMP-904,evelyn rousseau,MARKETING,SEO Specialist,90856€,20,2011-10-06,BESANCON,B,6%
EMP-905,Kevin White,FINANCE,Financial Analyst,67808,6,2011-12-27,LYON,B,6%
EMP-906,RACHEL PERRIN,FINANCE,Financial Analyst,76958,18,2012-05-01,BORDEAUX,B,10%
EMP-907,jack moreau,FINANCE,Financial Analyst,84700€,14,2024-05-28,BORDEAUX,C,3%
EMP-908,ivana tremblay,HR,HR Assistant,40206€,1,2010-06-30,STRASBOURG,C,3%
EMP-909,Martin Petrov,IT,Data Analyst,89500,25,2016-10-18,LILLE,A,13%
EMP-910,grace petrov,HR,HR Specialist,61197,7,2010-02-27,CLERMONT-FERRAND,A,12%
EMP-911,Oliver Moreau,IT,Data Scientist,76109,12,2015-10-05,AMIENS,B,8%
EMP-912,BOB GAUTHIER,MARKETING,SEO Specialist,88664,23,2018-12-18,BESANCON,C,5%
EMP-913,thomas faure,ADMIN,Executive Assistant,71469€,10,2018-05-01,paris,A,16%
EMP-914,laura adams,FINANCE,Financial Controller,72941,25,2011-05-04,TOULOUSE,B,10%
EMP-915,EVELYN WHITE,HR,HR Specialist,78397€,14,2014-07-01,ANGERS,B,10%
EMP-916,Evelyn Klein,HR,HR Specialist,36332€,0,2010-11-01,LIMOGES,A,19%
EMP-917,quentin tremblay,R&D,Research Scientist,84760,18,2013-09-02,NICE,A,10%
EMP-918,Thomas Roy,FINANCE,Financial Controller,78896€,21,2023-03-22,TOULON,A,18%
EMP-919,Rachel Dubois,SALES,Sales Director,55919,6,2011-07-22,AMIENS,A,16%
EMP-920,Oliver Wilson,ADMIN,Executive Assistant,70754,10,2013-12-23,CAEN,A,16%
EMP-921,Ivana Rodriguez,MARKETING,Marketing Manager,93836€,17,2013-10-26,DIJON,B,5%
EMP-922,alice faure,R&D,Research Scientist,74437,20,2012-02-10,paris,C,5%
EMP-923,Frank White,HR,HR Assistant,42703€,1,2012-04-27,BESANCON,A,16%
EMP-924,natalie faure,R&D,ML Engineer,57044,7,2010-07-23,LIMOGES,B,5%
EMP-925,JACK GAUTHIER,MARKETING,Content Manager,70640,22,2012-03-15,LE MANS,B,5%
EMP-926,Frank Faure,MARKETING,Content Manager,61804,9,2010-08-26,BESANCON,B,6%
EMP-927,DIANA FAURE,MARKETING,Content Manager,78300,12,2015-10-19,BESANCON,A,18%
EMP-928,Alice Legrand,FINANCE,Financial Controller,60739,7,2011-12-20,METZ,B,7%
EMP-929,MARTIN SMITH,SALES,Sales Rep,59354,5,2013-03-30,LIMOGES,A,12%
EMP-930,ivana smith,FINANCE,Financial Controller,71169€,13,2024-11-08,LIMOGES,C,4%
EMP-931,OLIVER BENNETT,IT,Data Scientist,77467,19,2023-03-16,STRASBOURG,B,6%
EMP-932,STEVEN ROUSSEAU,MARKETING,Content Manager,67155,5,2016-01-18,TOULON,A,10%
EMP-933,jack perrin,MARKETING,Content Manager,87747,11,2020-07-22,CAEN,B,8%
EMP-934,Natalie Dubois,MARKETING,SEO Specialist,73293€,21,2019-01-21,TOULOUSE,A,16%
EMP-935,CHARLIE LEGRAND,R&D,ML Engineer,55223€,7,2015-01-01,CAEN,C,4%
EMP-936,GRACE ROY,FINANCE,Financial Analyst,78730€,14,2013-04-25,BORDEAUX,B,6%
EMP-937,frank roy,SALES,Sales Manager,71806,17,2020-06-09,NICE,B,10%
EMP-938,OLIVER DUBOIS,HR,HR Assistant,60605,7,2022-10-27,NICE,B,9%
EMP-939,NATALIE PETROV,MARKETING,SEO Specialist,82842€,13,2022-09-25,ANGERS,B,7%
EMP-940,Grace Gauthier,R&D,ML Engineer,88501,23,2018-12-25,MONTPELLIER,A,19%
EMP-941,NATALIE PERRIN,R&D,ML Engineer,36020€,1,2015-02-28,CLERMONT-FERRAND,A,15%
EMP-942,Henry Klein,HR,HR Manager,74164,23,2022-06-03,LYON,A,11%
EMP-943,grace white,FINANCE,Financial Analyst,73865€,21,2010-09-09,ORLEANS,A,14%
EMP-944,DIANA WILSON,FINANCE,Financial Analyst,57758€,8,2022-02-03,LYON,B,7%
EMP-945,Henry Faure,IT,IT Manager,80089,11,2021-08-31,paris,C,4%
EMP-946,EVELYN TREMBLAY,R&D,ML Engineer,93836,16,2015-04-17,MONTPELLIER,B,8%
EMP-947,Frank Smith,MARKETING,SEO Specialist,70835€,25,2014-04-02,METZ,B,7%
EMP-948,FRANK LEGRAND,MARKETING,Marketing Manager,73499,21,2010-05-26,BORDEAUX,A,16%
EMP-949,IVANA TREMBLAY,IT,IT Manager,55233€,7,2015-09-17,RENNES,B,6%
EMP-950,ALICE ADAMS,IT,DevOps Engineer,82808€,23,2012-04-27,TOULOUSE,B,5%
EMP-951,laura roy,HR,HR Manager,63456€,7,2012-07-15,CAEN,A,13%
EMP-952,charlie martin,FINANCE,Financial Analyst,82998€,14,2024-09-26,ORLEANS,B,6%
EMP-953,frank dupont,HR,HR Manager,81488€,15,2017-07-21,paris,B,7%
EMP-954,ALICE WHITE,ADMIN,Executive Assistant,75585,10,2011-09-04,TOULOUSE,C,4%
EMP-955,grace rodriguez,R&D,Research Scientist,92240€,23,2018-02-11,CLERMONT-FERRAND,A,13%
EMP-956,Henry Leroy,MARKETING,Marketing Manager,81341,18,2012-12-10,LE MANS,B,5%
EMP-957,Ivana Dupont,ADMIN,Executive Assistant,56273,6,2010-03-09,BORDEAUX,A,19%
EMP-958,Martin Tremblay,HR,HR Specialist,92989€,15,2010-01-29,TOULOUSE,B,5%
EMP-959,martin legrand,R&D,ML Engineer,81056€,10,2012-10-14,LE MANS,A,19%
EMP-960,JACK ROY,SALES,Sales Director,50043,4,2010-04-10,ANGERS,C,3%
EMP-961,Oliver Adams,ADMIN,Executive Assistant,83814€,21,2011-09-05,LYON,B,10%
EMP-962,JACK PERRIN,MARKETING,SEO Specialist,74370€,18,2018-09-12,TOULOUSE,B,8%
EMP-963,CHARLIE RODRIGUEZ,FINANCE,Financial Analyst,76595€,15,2014-06-28,CAEN,A,14%
EMP-964,Alice Gauthier,HR,HR Manager,91495,21,2016-10-26,AMIENS,B,7%
EMP-965,ALICE GAUTHIER,HR,HR Assistant,53788€,2,2015-01-31,TOULON,B,7%
EMP-966,Rachel Roy,SALES,Sales Manager,79333€,12,2011-07-30,NICE,B,8%
EMP-967,Frank Perrin,FINANCE,Financial Controller,70333,22,2023-06-14,LYON,B,10%
EMP-968,jack martin,SALES,Sales Director,60460,7,2021-07-24,paris,B,7%
EMP-969,laura legrand,FINANCE,Financial Controller,60870€,5,2023-01-02,NANTES,B,6%
EMP-970,JACK WHITE,R&D,Research Scientist,91815,19,2016-02-19,paris,B,8%
EMP-971,Steven Dupont,IT,IT Manager,82820€,13,2012-09-17,CLERMONT-FERRAND,C,3%
EMP-972,Diana Perrin,IT,Data Analyst,44180€,1,2020-03-18,LIMOGES,A,10%
EMP-973,MARTIN MOREAU,FINANCE,Financial Analyst,71510€,17,2019-06-25,AMIENS,B,6%
EMP-974,DIANA ADAMS,SALES,Sales Manager,80029€,10,2010-11-13,DIJON,B,7%
EMP-975,Grace Faure,IT,Data Analyst,91938,24,2013-10-26,MARSEILLE,A,10%
EMP-976,alice klein,SALES,Sales Manager,57056,5,2019-09-08,BORDEAUX,B,7%
EMP-977,QUENTIN TREMBLAY,HR,HR Assistant,83200,14,2016-04-05,AMIENS,A,18%
EMP-978,ALICE LEROY,FINANCE,Financial Analyst,49293€,4,2019-08-31,NICE,A,10%
EMP-979,frank petrov,MARKETING,Content Manager,73521€,13,2018-11-18,RENNES,A,11%
EMP-980,Kevin Martin,HR,HR Manager,89182€,12,2010-09-23,BORDEAUX,B,10%
EMP-981,Martin Dubois,ADMIN,Executive Assistant,69047,9,2017-02-03,NANTES,B,7%
EMP-982,Kevin Adams,MARKETING,Marketing Manager,88180,19,2013-12-20,AMIENS,B,8%
EMP-983,STEVEN ADAMS,IT,Data Analyst,82580,20,2024-02-21,paris,A,10%
EMP-984,natalie klein,R&D,ML Engineer,58160€,8,2017-04-07,STRASBOURG,B,7%
EMP-985,KEVIN ROY,R&D,ML Engineer,49285,3,2023-04-04,TOURS,B,10%
EMP-986,Kevin Petrov,R&D,Research Scientist,88340€,23,2016-10-03,CLERMONT-FERRAND,C,3%
EMP-987,thomas adams,HR,HR Manager,92000,15,2016-12-19,AMIENS,B,6%
EMP-988,THOMAS MARTIN,R&D,Research Scientist,93141€,21,2023-06-10,MONTPELLIER,A,18%
EMP-989,henry bennett,IT,Data Analyst,63372,9,2022-03-27,TOULOUSE,A,19%
EMP-990,RACHEL BENNETT,IT,Data Scientist,85632€,13,2021-08-14,LIMOGES,C,3%
EMP-991,ivana faure,ADMIN,Executive Assistant,87198€,11,2015-01-31,CLERMONT-FERRAND,A,20%
EMP-992,Oliver Rodriguez,IT,Data Scientist,74185,16,2022-12-19,GRENOBLE,B,10%
EMP-993,evelyn rodriguez,MARKETING,Marketing Manager,75861,20,2014-02-10,RENNES,B,10%
EMP-994,jack moreau,HR,HR Assistant,73488,18,2022-09-03,paris,A,19%
EMP-995,Bob Moreau,FINANCE,Financial Controller,79930€,23,2017-07-24,GRENOBLE,B,6%
EMP-996,Frank Martin,FINANCE,Financial Controller,85522,11,2024-04-29,GRENOBLE,C,3%
EMP-997,thomas klein,FINANCE,Financial Analyst,72684,23,2016-10-02,ANGERS,B,9%
EMP-998,martin dubois,ADMIN,Executive Assistant,35164,1,2021-03-07,TOURS,B,9%
EMP-999,PATRICIA LEROY,ADMIN,Executive Assistant,46513€,3,2016-03-18,AMIENS,B,6%
EMP-1000,Steven Legrand,SALES,Sales Rep,89560€,11,2019-06-06,AMIENS,B,10%
